secs,cad,hr,km,kph,nm,watts,alt,lon,lat,headwind,slope,temp,interval,lrbalance,lte,rte,lps,rps,smo2,thb,o2hb,hhb
1,0,82,0,0,0,0,0,0.00000000,0.00000000,0,0,-255,0,-255,0,0,0,0,0,0,0,0
2,15,82.25,0,0,0,0,0,0.00000000,0.00000000,0,0,-255,0,-255,0,0,0,0,0,0,0,0
3,30,82.5,0,0,0,0,0,0.00000000,0.00000000,0,0,-255,0,-255,0,0,0,0,0,0,0,0
4,45,82.75,0,0,0,0,0,0.00000000,0.00000000,0,0,-255,0,-255,0,0,0,0,0,0,0,0
5,60,83,0,0,0,0,0,0.00000000,0.00000000,0,0,-255,0,-255,0,0,0,0,0,0,0,0
6,30,82.5,0,0,0,0,0,0.00000000,0.00000000,0,0,-255,0,-255,0,0,0,0,0,0,0,0
7,0,82,0,0,0,0,0,0.00000000,0.00000000,0,0,-255,0,-255,0,0,0,0,0,0,0,0
8,6.41667,82.0833,0,0,0,0,0,0.00000000,0.00000000,0,0,-255,0,-255,0,0,0,0,0,0,0,0
9,12.8333,82.1667,0,0,0,0,0,0.00000000,0.00000000,0,0,-255,0,-255,0,0,0,0,0,0,0,0
10,19.25,82.25,0,0,0,0,0,0.00000000,0.00000000,0,0,-255,0,-255,0,0,0,0,0,0,0,0
11,25.6667,82.3333,0,0,0,0,0,0.00000000,0.00000000,0,0,-255,0,-255,0,0,0,0,0,0,0,0
12,32.0833,82.4167,0,0,0,0,0,0.00000000,0.00000000,0,0,-255,0,-255,0,0,0,0,0,0,0,0
13,38.5,82.5,0,0,0,0,0,0.00000000,0.00000000,0,0,-255,0,-255,0,0,0,0,0,0,0,0
14,44.9167,82.5833,0,0,0,0,0,0.00000000,0.00000000,0,0,-255,0,-255,0,0,0,0,0,0,0,0
15,51.3333,82.6667,0,0,0,0,0,0.00000000,0.00000000,0,0,-255,0,-255,0,0,0,0,0,0,0,0
16,57.75,82.75,0,0,0,0,0,0.00000000,0.00000000,0,0,-255,0,-255,0,0,0,0,0,0,0,0
17,64.1667,82.8333,0,0,0,0,0,0.00000000,0.00000000,0,0,-255,0,-255,0,0,0,0,0,0,0,0
18,70.5833,82.9167,0,0,0,0,0,0.00000000,0.00000000,0,0,-255,0,-255,0,0,0,0,0,0,0,0
19,77,83,0,0,0,0,0,0.00000000,0.00000000,0,0,-255,0,-255,0,0,0,0,0,0,0,0
20,77,81,0,0,0,0,0,0.00000000,0.00000000,0,0,-255,0,-255,0,0,0,0,0,0,0,0
21,0,83,0,0,0,0,0,0.00000000,0.00000000,0,0,-255,0,-255,0,0,0,0,0,0,0,0
22,20,82,0,0,0,0,0,0.00000000,0.00000000,0,0,-255,0,-255,0,0,0,0,0,0,0,0
23,40,81,0,0,0,0,0,0.00000000,0.00000000,0,0,-255,0,-255,0,0,0,0,0,0,0,0
24,60,80,0,0,0,0,0,0.00000000,0.00000000,0,0,-255,0,-255,0,0,0,0,0,0,0,0
25,60,81,0,0,0,0,0,0.00000000,0.00000000,0,0,-255,0,-255,0,0,0,0,0,0,0,0
26,30,81.5,0,0,0,0,0,0.00000000,0.00000000,0,0,-255,0,-255,0,0,0,0,0,0,0,0
27,0,82,0,0,0,0,0,0.00000000,0.00000000,0,0,-255,0,-255,0,0,0,0,0,0,0,0
28,0,88,0,0,0,0,0,0.00000000,0.00000000,0,0,-255,0,-255,0,0,0,0,0,0,0,0
29,0,91,0,0,0,0,0,0.00000000,0.00000000,0,0,-255,0,-255,0,0,0,0,0,0,0,0
30,0,94,0,0,0,0,0,0.00000000,0.00000000,0,0,-255,0,-255,0,0,0,0,0,0,0,0
31,0,94,0,0,0,0,0,0.00000000,0.00000000,0,0,-255,0,-255,0,0,0,0,0,0,0,0
32,0,99,0,0,0,0,0,0.00000000,0.00000000,0,0,-255,0,-255,0,0,0,0,0,0,0,0
33,0,100,0,0,0,0,0,0.00000000,0.00000000,0,0,-255,0,-255,0,0,0,0,0,0,0,0
34,0,101,0,0,0,0,0,0.00000000,0.00000000,0,0,-255,0,-255,0,0,0,0,0,0,0,0
35,0,99.5,0,0,0,0,0,0.00000000,0.00000000,0,0,-255,0,-255,0,0,0,0,0,0,0,0
36,0,98,0,0,0,0,0,0.00000000,0.00000000,0,0,-255,0,-255,0,0,0,0,0,0,0,0
37,0,97.5,0,0,0,0,0,0.00000000,0.00000000,0,0,-255,0,-255,0,0,0,0,0,0,0,0
38,0,97,0,0,0,0,0,0.00000000,0.00000000,0,0,-255,0,-255,0,0,0,0,0,0,0,0
39,0,99,0,0,0,0,0,0.00000000,0.00000000,0,0,-255,0,-255,0,0,0,0,0,0,0,0
40,0,98,0,0,0,0,0,0.00000000,0.00000000,0,0,-255,0,-255,0,0,0,0,0,0,0,0
41,20,98.6667,0,0,0,0,0,0.00000000,0.00000000,0,0,-255,0,-255,0,0,0,0,0,0,0,0
42,40,99.3333,0,0,0,0,0,0.00000000,0.00000000,0,0,-255,0,-255,0,0,0,0,0,0,0,0
43,60,100,0,0,0,0,0,0.00000000,0.00000000,0,0,-255,0,-255,0,0,0,0,0,0,0,0
44,60,101,0,0,0,0,0,0.00000000,0.00000000,0,0,-255,0,-255,0,0,0,0,0,0,0,0
45,60,102,0,0,0,0,0,0.00000000,0.00000000,0,0,-255,0,-255,0,0,0,0,0,0,0,0
46,60,104,0,0,0,0,0,0.00000000,0.00000000,0,0,-255,0,-255,0,0,0,0,0,0,0,0
47,30,103.5,0,0,0,0,0,0.00000000,0.00000000,0,0,-255,0,-255,0,0,0,0,0,0,0,0
48,0,103,0,0,0,0,0,0.00000000,0.00000000,0,0,-255,0,-255,0,0,0,0,0,0,0,0
49,60,105,0,0,0,0,0,0.00000000,0.00000000,0,0,-255,0,-255,0,0,0,0,0,0,0,0
50,60,104,0,0,0,0,0,0.00000000,0.00000000,0,0,-255,0,-255,0,0,0,0,0,0,0,0
51,0,103,0,0,0,0,0,0.00000000,0.00000000,0,0,-255,0,-255,0,0,0,0,0,0,0,0
52,0,102,0,0,0,0,0,0.00000000,0.00000000,0,0,-255,0,-255,0,0,0,0,0,0,0,0
53,0,103,0,0,0,0,0,0.00000000,0.00000000,0,0,-255,0,-255,0,0,0,0,0,0,0,0
54,10.25,103.167,0,0,0,0,0,0.00000000,0.00000000,0,0,-255,0,-255,0,0,0,0,0,0,0,0
55,20.5,103.333,0,0,0,0,0,0.00000000,0.00000000,0,0,-255,0,-255,0,0,0,0,0,0,0,0
56,30.75,103.5,0,0,0,0,0,0.00000000,0.00000000,0,0,-255,0,-255,0,0,0,0,0,0,0,0
57,41,103.667,0,0,0,0,0,0.00000000,0.00000000,0,0,-255,0,-255,0,0,0,0,0,0,0,0
58,51.25,103.833,0,0,0,0,0,0.00000000,0.00000000,0,0,-255,0,-255,0,0,0,0,0,0,0,0
59,61.5,104,0,0,0,0,0,0.00000000,0.00000000,0,0,-255,0,-255,0,0,0,0,0,0,0,0
60,61.5,104.333,0,0,0,0,0,0.00000000,0.00000000,0,0,-255,0,-255,0,0,0,0,0,0,0,0
61,61.5,104.667,0,0,0,0,0,0.00000000,0.00000000,0,0,-255,0,-255,0,0,0,0,0,0,0,0
62,61.5,105,0,0,0,0,0,0.00000000,0.00000000,0,0,-255,0,-255,0,0,0,0,0,0,0,0
63,61.5,106,0,0,0,0,0,0.00000000,0.00000000,0,0,-255,0,-255,0,0,0,0,0,0,0,0
64,0,111,0,0,0,0,0,0.00000000,0.00000000,0,0,-255,0,-255,0,0,0,0,0,0,0,0
65,0,109,0,0,0,0,0,0.00000000,0.00000000,0,0,-255,0,-255,0,0,0,0,0,0,0,0
66,0,106,0,0,0,0,0,0.00000000,0.00000000,0,0,-255,0,-255,0,0,0,0,0,0,0,0
67,0,103,0,0,0,0,0,0.00000000,0.00000000,0,0,-255,0,-255,0,0,0,0,0,0,0,0
68,0,102,0,0,0,0,0,0.00000000,0.00000000,0,0,-255,0,-255,0,0,0,0,0,0,0,0
69,0,101.5,0,0,0,0,0,0.00000000,0.00000000,0,0,-255,0,-255,0,0,0,0,0,0,0,0
70,0,101,0,0,0,0,0,0.00000000,0.00000000,0,0,-255,0,-255,0,0,0,0,0,0,0,0
71,0,101.25,0,0,0,0,0,0.00000000,0.00000000,0,0,-255,0,-255,0,0,0,0,0,0,0,0
72,0,101.5,0,0,0,0,0,0.00000000,0.00000000,0,0,-255,0,-255,0,0,0,0,0,0,0,0
73,0,101.75,0,0,0,0,0,0.00000000,0.00000000,0,0,-255,0,-255,0,0,0,0,0,0,0,0
74,0,102,0,0,0,0,0,0.00000000,0.00000000,0,0,-255,0,-255,0,0,0,0,0,0,0,0
75,0,103,0,0,0,0,0,0.00000000,0.00000000,0,0,-255,0,-255,0,0,0,0,0,0,0,0
76,0,102,0,0,0,0,0,0.00000000,0.00000000,0,0,-255,0,-255,0,0,0,0,0,0,0,0
77,30,103,0,0,0,0,0,0.00000000,0.00000000,0,0,-255,0,-255,0,0,0,0,0,0,0,0
78,60,104,0,0,0,0,0,0.00000000,0.00000000,0,0,-255,0,-255,0,0,0,0,0,0,0,0
79,60,107,0,0,0,0,0,0.00000000,0.00000000,0,0,-255,0,-255,0,0,0,0,0,0,0,0
80,60,109,0,0,0,0,0,0.00000000,0.00000000,0,0,-255,0,-255,0,0,0,0,0,0,0,0
81,60,112,0,0,0,0,0,0.00000000,0.00000000,0,0,-255,0,-255,0,0,0,0,0,0,0,0
82,0,112,0,0,0,0,0,0.00000000,0.00000000,0,0,-255,0,-255,0,0,0,0,0,0,0,0
83,15,111.5,0,0,0,0,0,0.00000000,0.00000000,0,0,-255,0,-255,0,0,0,0,0,0,0,0
84,30,111,0,0,0,0,0,0.00000000,0.00000000,0,0,-255,0,-255,0,0,0,0,0,0,0,0
85,45,110.5,0,0,0,0,0,0.00000000,0.00000000,0,0,-255,0,-255,0,0,0,0,0,0,0,0
86,60,110,0,0,0,0,0,0.00000000,0.00000000,0,0,-255,0,-255,0,0,0,0,0,0,0,0
87,60,109,0,0,0,0,0,0.00000000,0.00000000,0,0,-255,0,-255,0,0,0,0,0,0,0,0
88,60,108,0,0,0,0,0,0.00000000,0.00000000,0,0,-255,0,-255,0,0,0,0,0,0,0,0
89,60,108.5,0,0,0,0,0,0.00000000,0.00000000,0,0,-255,0,-255,0,0,0,0,0,0,0,0
90,60,109,0,0,0,0,0,0.00000000,0.00000000,0,0,-255,0,-255,0,0,0,0,0,0,0,0
91,0,110,0,0,0,0,0,0.00000000,0.00000000,0,0,-255,0,-255,0,0,0,0,0,0,0,0
92,0,110.25,0,0,0,0,0,0.00000000,0.00000000,0,0,-255,0,-255,0,0,0,0,0,0,0,0
93,0,110.5,0,0,0,0,0,0.00000000,0.00000000,0,0,-255,0,-255,0,0,0,0,0,0,0,0
94,0,110.75,0,0,0,0,0,0.00000000,0.00000000,0,0,-255,0,-255,0,0,0,0,0,0,0,0
95,0,111,0,0,0,0,0,0.00000000,0.00000000,0,0,-255,0,-255,0,0,0,0,0,0,0,0
96,20,110.667,0,0,0,0,0,0.00000000,0.00000000,0,0,-255,0,-255,0,0,0,0,0,0,0,0
97,40,110.333,0,0,0,0,0,0.00000000,0.00000000,0,0,-255,0,-255,0,0,0,0,0,0,0,0
98,60,110,0,0,0,0,0,0.00000000,0.00000000,0,0,-255,0,-255,0,0,0,0,0,0,0,0
99,45,109.75,0,0,0,0,0,0.00000000,0.00000000,0,0,-255,0,-255,0,0,0,0,0,0,0,0
100,30,109.5,0,0,0,0,0,0.00000000,0.00000000,0,0,-255,0,-255,0,0,0,0,0,0,0,0
101,15,109.25,0,0,0,0,0,0.00000000,0.00000000,0,0,-255,0,-255,0,0,0,0,0,0,0,0
102,0,109,0,0,0,0,0,0.00000000,0.00000000,0,0,-255,0,-255,0,0,0,0,0,0,0,0
103,0,108.667,0,0,0,0,0,0.00000000,0.00000000,0,0,-255,0,-255,0,0,0,0,0,0,0,0
104,0,108.333,0,0,0,0,0,0.00000000,0.00000000,0,0,-255,0,-255,0,0,0,0,0,0,0,0
105,0,108,0,0,0,0,0,0.00000000,0.00000000,0,0,-255,0,-255,0,0,0,0,0,0,0,0
106,0,107.667,0,0,0,0,0,0.00000000,0.00000000,0,0,-255,0,-255,0,0,0,0,0,0,0,0
107,0,107.333,0,0,0,0,0,0.00000000,0.00000000,0,0,-255,0,-255,0,0,0,0,0,0,0,0
108,0,107,0,0,0,0,0,0.00000000,0.00000000,0,0,-255,0,-255,0,0,0,0,0,0,0,0
109,20,106.667,0,0,0,0,0,0.00000000,0.00000000,0,0,-255,0,-255,0,0,0,0,0,0,0,0
110,40,106.333,0,0,0,0,0,0.00000000,0.00000000,0,0,-255,0,-255,0,0,0,0,0,0,0,0
111,60,106,0,0,0,0,0,0.00000000,0.00000000,0,0,-255,0,-255,0,0,0,0,0,0,0,0
112,40,105.667,0,0,0,0,0,0.00000000,0.00000000,0,0,-255,0,-255,0,0,0,0,0,0,0,0
113,20,105.333,0,0,0,0,0,0.00000000,0.00000000,0,0,-255,0,-255,0,0,0,0,0,0,0,0
114,0,105,0,0,0,0,0,0.00000000,0.00000000,0,0,-255,0,-255,0,0,0,0,0,0,0,0
115,0,104.667,0,0,0,0,0,0.00000000,0.00000000,0,0,-255,0,-255,0,0,0,0,0,0,0,0
116,0,104.333,0,0,0,0,0,0.00000000,0.00000000,0,0,-255,0,-255,0,0,0,0,0,0,0,0
117,0,104,0,0,0,0,0,0.00000000,0.00000000,0,0,-255,0,-255,0,0,0,0,0,0,0,0
118,15,103.75,0,0,0,0,0,0.00000000,0.00000000,0,0,-255,0,-255,0,0,0,0,0,0,0,0
119,30,103.5,0,0,0,0,0,0.00000000,0.00000000,0,0,-255,0,-255,0,0,0,0,0,0,0,0
120,45,103.25,0,0,0,0,0,0.00000000,0.00000000,0,0,-255,0,-255,0,0,0,0,0,0,0,0
121,60,103,0,0,0,0,0,0.00000000,0.00000000,0,0,-255,0,-255,0,0,0,0,0,0,0,0
122,50,102.833,0,0,0,0,0,0.00000000,0.00000000,0,0,-255,0,-255,0,0,0,0,0,0,0,0
123,40,102.667,0,0,0,0,0,0.00000000,0.00000000,0,0,-255,0,-255,0,0,0,0,0,0,0,0
124,30,102.5,0,0,0,0,0,0.00000000,0.00000000,0,0,-255,0,-255,0,0,0,0,0,0,0,0
125,20,102.333,0,0,0,0,0,0.00000000,0.00000000,0,0,-255,0,-255,0,0,0,0,0,0,0,0
126,10,102.167,0,0,0,0,0,0.00000000,0.00000000,0,0,-255,0,-255,0,0,0,0,0,0,0,0
127,0,102,0,0,0,0,0,0.00000000,0.00000000,0,0,-255,0,-255,0,0,0,0,0,0,0,0
128,0,103,0,0,0,0,0,0.00000000,0.00000000,0,0,-255,0,-255,0,0,0,0,0,0,0,0
129,8.57143,103.143,0,0,0,0,0,0.00000000,0.00000000,0,0,-255,0,-255,0,0,0,0,0,0,0,0
130,17.1429,103.286,0,0,0,0,0,0.00000000,0.00000000,0,0,-255,0,-255,0,0,0,0,0,0,0,0
131,25.7143,103.429,0,0,0,0,0,0.00000000,0.00000000,0,0,-255,0,-255,0,0,0,0,0,0,0,0
132,34.2857,103.571,0,0,0,0,0,0.00000000,0.00000000,0,0,-255,0,-255,0,0,0,0,0,0,0,0
133,42.8571,103.714,0,0,0,0,0,0.00000000,0.00000000,0,0,-255,0,-255,0,0,0,0,0,0,0,0
134,51.4286,103.857,0,0,0,0,0,0.00000000,0.00000000,0,0,-255,0,-255,0,0,0,0,0,0,0,0
135,60,104,0,0,0,0,0,0.00000000,0.00000000,0,0,-255,0,-255,0,0,0,0,0,0,0,0
136,60,105,0,0,0,0,0,0.00000000,0.00000000,0,0,-255,0,-255,0,0,0,0,0,0,0,0
137,60,106,0,0,0,0,0,0.00000000,0.00000000,0,0,-255,0,-255,0,0,0,0,0,0,0,0
138,60,108,0,0,0,0,0,0.00000000,0.00000000,0,0,-255,0,-255,0,0,0,0,0,0,0,0
139,60,109,0,0,0,0,0,0.00000000,0.00000000,0,0,-255,0,-255,0,0,0,0,0,0,0,0
140,60,110,0,0,0,0,0,0.00000000,0.00000000,0,0,-255,0,-255,0,0,0,0,0,0,0,0
141,60,112,0,0,0,0,0,0.00000000,0.00000000,0,0,-255,0,-255,0,0,0,0,0,0,0,0
142,0,114,0,0,0,0,0,0.00000000,0.00000000,0,0,-255,0,-255,0,0,0,0,0,0,0,0
143,0,114.5,0,0,0,0,0,0.00000000,0.00000000,0,0,-255,0,-255,0,0,0,0,0,0,0,0
144,0,115,0,0,0,0,0,0.00000000,0.00000000,0,0,-255,0,-255,0,0,0,0,0,0,0,0
145,0,116,0,0,0,0,0,0.00000000,0.00000000,0,0,-255,0,-255,0,0,0,0,0,0,0,0
146,0,116.333,0,0,0,0,0,0.00000000,0.00000000,0,0,-255,0,-255,0,0,0,0,0,0,0,0
147,0,116.667,0,0,0,0,0,0.00000000,0.00000000,0,0,-255,0,-255,0,0,0,0,0,0,0,0
148,0,117,0,0,0,0,0,0.00000000,0.00000000,0,0,-255,0,-255,0,0,0,0,0,0,0,0
149,3.52941,116.941,0,0,0,0,0,0.00000000,0.00000000,0,0,-255,0,-255,0,0,0,0,0,0,0,0
150,7.05882,116.882,0,0,0,0,0,0.00000000,0.00000000,0,0,-255,0,-255,0,0,0,0,0,0,0,0
151,10.5882,116.824,0,0,0,0,0,0.00000000,0.00000000,0,0,-255,0,-255,0,0,0,0,0,0,0,0
152,14.1176,116.765,0,0,0,0,0,0.00000000,0.00000000,0,0,-255,0,-255,0,0,0,0,0,0,0,0
153,17.6471,116.706,0,0,0,0,0,0.00000000,0.00000000,0,0,-255,0,-255,0,0,0,0,0,0,0,0
154,21.1765,116.647,0,0,0,0,0,0.00000000,0.00000000,0,0,-255,0,-255,0,0,0,0,0,0,0,0
155,24.7059,116.588,0,0,0,0,0,0.00000000,0.00000000,0,0,-255,0,-255,0,0,0,0,0,0,0,0
156,28.2353,116.529,0,0,0,0,0,0.00000000,0.00000000,0,0,-255,0,-255,0,0,0,0,0,0,0,0
157,31.7647,116.471,0,0,0,0,0,0.00000000,0.00000000,0,0,-255,0,-255,0,0,0,0,0,0,0,0
158,35.2941,116.412,0,0,0,0,0,0.00000000,0.00000000,0,0,-255,0,-255,0,0,0,0,0,0,0,0
159,38.8235,116.353,0,0,0,0,0,0.00000000,0.00000000,0,0,-255,0,-255,0,0,0,0,0,0,0,0
160,42.3529,116.294,0,0,0,0,0,0.00000000,0.00000000,0,0,-255,0,-255,0,0,0,0,0,0,0,0
161,45.8824,116.235,0,0,0,0,0,0.00000000,0.00000000,0,0,-255,0,-255,0,0,0,0,0,0,0,0
162,49.4118,116.176,0,0,0,0,0,0.00000000,0.00000000,0,0,-255,0,-255,0,0,0,0,0,0,0,0
163,52.9412,116.118,0,0,0,0,0,0.00000000,0.00000000,0,0,-255,0,-255,0,0,0,0,0,0,0,0
164,56.4706,116.059,0,0,0,0,0,0.00000000,0.00000000,0,0,-255,0,-255,0,0,0,0,0,0,0,0
165,60,116,0,0,0,0,0,0.00000000,0.00000000,0,0,-255,0,-255,0,0,0,0,0,0,0,0
166,40,115.667,0,0,0,0,0,0.00000000,0.00000000,0,0,-255,0,-255,0,0,0,0,0,0,0,0
167,20,115.333,0,0,0,0,0,0.00000000,0.00000000,0,0,-255,0,-255,0,0,0,0,0,0,0,0
168,0,115,0,0,0,0,0,0.00000000,0.00000000,0,0,-255,0,-255,0,0,0,0,0,0,0,0
169,6.66667,114.889,0,0,0,0,0,0.00000000,0.00000000,0,0,-255,0,-255,0,0,0,0,0,0,0,0
170,13.3333,114.778,0,0,0,0,0,0.00000000,0.00000000,0,0,-255,0,-255,0,0,0,0,0,0,0,0
171,20,114.667,0,0,0,0,0,0.00000000,0.00000000,0,0,-255,0,-255,0,0,0,0,0,0,0,0
172,26.6667,114.556,0,0,0,0,0,0.00000000,0.00000000,0,0,-255,0,-255,0,0,0,0,0,0,0,0
173,33.3333,114.444,0,0,0,0,0,0.00000000,0.00000000,0,0,-255,0,-255,0,0,0,0,0,0,0,0
174,40,114.333,0,0,0,0,0,0.00000000,0.00000000,0,0,-255,0,-255,0,0,0,0,0,0,0,0
175,46.6667,114.222,0,0,0,0,0,0.00000000,0.00000000,0,0,-255,0,-255,0,0,0,0,0,0,0,0
176,53.3333,114.111,0,0,0,0,0,0.00000000,0.00000000,0,0,-255,0,-255,0,0,0,0,0,0,0,0
177,60,114,0,0,0,0,0,0.00000000,0.00000000,0,0,-255,0,-255,0,0,0,0,0,0,0,0
178,60,113,0,0,0,0,0,0.00000000,0.00000000,0,0,-255,0,-255,0,0,0,0,0,0,0,0
179,60,112,0,0,0,0,0,0.00000000,0.00000000,0,0,-255,0,-255,0,0,0,0,0,0,0,0
180,30,111.5,0,0,0,0,0,0.00000000,0.00000000,0,0,-255,0,-255,0,0,0,0,0,0,0,0
181,0,111,0,0,0,0,0,0.00000000,0.00000000,0,0,-255,0,-255,0,0,0,0,0,0,0,0
182,0,110.8,0,0,0,0,0,0.00000000,0.00000000,0,0,-255,0,-255,0,0,0,0,0,0,0,0
183,0,110.6,0,0,0,0,0,0.00000000,0.00000000,0,0,-255,0,-255,0,0,0,0,0,0,0,0
184,0,110.4,0,0,0,0,0,0.00000000,0.00000000,0,0,-255,0,-255,0,0,0,0,0,0,0,0
185,0,110.2,0,0,0,0,0,0.00000000,0.00000000,0,0,-255,0,-255,0,0,0,0,0,0,0,0
186,0,110,0,0,0,0,0,0.00000000,0.00000000,0,0,-255,0,-255,0,0,0,0,0,0,0,0
187,0,109.5,0,0,0,0,0,0.00000000,0.00000000,0,0,-255,0,-255,0,0,0,0,0,0,0,0
188,0,109,0,0,0,0,0,0.00000000,0.00000000,0,0,-255,0,-255,0,0,0,0,0,0,0,0
189,0,108,0,0,0,0,0,0.00000000,0.00000000,0,0,-255,0,-255,0,0,0,0,0,0,0,0
190,0,107,0,0,0,0,0,0.00000000,0.00000000,0,0,-255,0,-255,0,0,0,0,0,0,0,0
191,0,106.667,0,0,0,0,0,0.00000000,0.00000000,0,0,-255,0,-255,0,0,0,0,0,0,0,0
192,0,106.333,0,0,0,0,0,0.00000000,0.00000000,0,0,-255,0,-255,0,0,0,0,0,0,0,0
193,0,106,0,0,0,0,0,0.00000000,0.00000000,0,0,-255,0,-255,0,0,0,0,0,0,0,0
194,0,105.875,0,0,0,0,0,0.00000000,0.00000000,0,0,-255,0,-255,0,0,0,0,0,0,0,0
195,0,105.75,0,0,0,0,0,0.00000000,0.00000000,0,0,-255,0,-255,0,0,0,0,0,0,0,0
196,0,105.625,0,0,0,0,0,0.00000000,0.00000000,0,0,-255,0,-255,0,0,0,0,0,0,0,0
197,0,105.5,0,0,0,0,0,0.00000000,0.00000000,0,0,-255,0,-255,0,0,0,0,0,0,0,0
198,0,105.375,0,0,0,0,0,0.00000000,0.00000000,0,0,-255,0,-255,0,0,0,0,0,0,0,0
199,0,105.25,0,0,0,0,0,0.00000000,0.00000000,0,0,-255,0,-255,0,0,0,0,0,0,0,0
200,0,105.125,0,0,0,0,0,0.00000000,0.00000000,0,0,-255,0,-255,0,0,0,0,0,0,0,0
201,0,105,0,0,0,0,0,0.00000000,0.00000000,0,0,-255,0,-255,0,0,0,0,0,0,0,0
202,0,104.5,0,0,0,0,0,0.00000000,0.00000000,0,0,-255,0,-255,0,0,0,0,0,0,0,0
203,0,104,0,0,0,0,0,0.00000000,0.00000000,0,0,-255,0,-255,0,0,0,0,0,0,0,0
204,0,104.125,0,0,0,0,0,0.00000000,0.00000000,0,0,-255,0,-255,0,0,0,0,0,0,0,0
205,0,104.25,0,0,0,0,0,0.00000000,0.00000000,0,0,-255,0,-255,0,0,0,0,0,0,0,0
206,0,104.375,0,0,0,0,0,0.00000000,0.00000000,0,0,-255,0,-255,0,0,0,0,0,0,0,0
207,0,104.5,0,0,0,0,0,0.00000000,0.00000000,0,0,-255,0,-255,0,0,0,0,0,0,0,0
208,0,104.625,0,0,0,0,0,0.00000000,0.00000000,0,0,-255,0,-255,0,0,0,0,0,0,0,0
209,0,104.75,0,0,0,0,0,0.00000000,0.00000000,0,0,-255,0,-255,0,0,0,0,0,0,0,0
210,0,104.875,0,0,0,0,0,0.00000000,0.00000000,0,0,-255,0,-255,0,0,0,0,0,0,0,0
211,0,105,0,0,0,0,0,0.00000000,0.00000000,0,0,-255,0,-255,0,0,0,0,0,0,0,0
212,0,104,0,0,0,0,0,0.00000000,0.00000000,0,0,-255,0,-255,0,0,0,0,0,0,0,0
213,0,103,0,0,0,0,0,0.00000000,0.00000000,0,0,-255,0,-255,0,0,0,0,0,0,0,0
214,0,102,0,0,0,0,0,0.00000000,0.00000000,0,0,-255,0,-255,0,0,0,0,0,0,0,0
215,0,101,0,0,0,0,0,0.00000000,0.00000000,0,0,-255,0,-255,0,0,0,0,0,0,0,0
216,0,100.857,0,0,0,0,0,0.00000000,0.00000000,0,0,-255,0,-255,0,0,0,0,0,0,0,0
217,0,100.714,0,0,0,0,0,0.00000000,0.00000000,0,0,-255,0,-255,0,0,0,0,0,0,0,0
218,0,100.571,0,0,0,0,0,0.00000000,0.00000000,0,0,-255,0,-255,0,0,0,0,0,0,0,0
219,0,100.429,0,0,0,0,0,0.00000000,0.00000000,0,0,-255,0,-255,0,0,0,0,0,0,0,0
220,0,100.286,0,0,0,0,0,0.00000000,0.00000000,0,0,-255,0,-255,0,0,0,0,0,0,0,0
221,0,100.143,0,0,0,0,0,0.00000000,0.00000000,0,0,-255,0,-255,0,0,0,0,0,0,0,0
222,0,100,0,0,0,0,0,0.00000000,0.00000000,0,0,-255,0,-255,0,0,0,0,0,0,0,0
223,0,99.6667,0,0,0,0,0,0.00000000,0.00000000,0,0,-255,0,-255,0,0,0,0,0,0,0,0
224,0,99.3333,0,0,0,0,0,0.00000000,0.00000000,0,0,-255,0,-255,0,0,0,0,0,0,0,0
225,0,99,0,0,0,0,0,0.00000000,0.00000000,0,0,-255,0,-255,0,0,0,0,0,0,0,0
226,0,97.5,0,0,0,0,0,0.00000000,0.00000000,0,0,-255,0,-255,0,0,0,0,0,0,0,0
227,0,96,0,0,0,0,0,0.00000000,0.00000000,0,0,-255,0,-255,0,0,0,0,0,0,0,0
228,0,93,0,0,0,0,0,0.00000000,0.00000000,0,0,-255,0,-255,0,0,0,0,0,0,0,0
229,0,93,0,0,0,0,0,0.00000000,0.00000000,0,0,-255,0,-255,0,0,0,0,0,0,0,0
230,0,89,0,0,0,0,0,0.00000000,0.00000000,0,0,-255,0,-255,0,0,0,0,0,0,0,0
231,0,88,0,0,0,0,0,0.00000000,0.00000000,0,0,-255,0,-255,0,0,0,0,0,0,0,0
232,0,87.6667,0,0,0,0,0,0.00000000,0.00000000,0,0,-255,0,-255,0,0,0,0,0,0,0,0
233,0,87.3333,0,0,0,0,0,0.00000000,0.00000000,0,0,-255,0,-255,0,0,0,0,0,0,0,0
234,0,87,0,0,0,0,0,0.00000000,0.00000000,0,0,-255,0,-255,0,0,0,0,0,0,0,0
235,0,89,0,0,0,0,0,0.00000000,0.00000000,0,0,-255,0,-255,0,0,0,0,0,0,0,0
236,0,90,0,0,0,0,0,0.00000000,0.00000000,0,0,-255,0,-255,0,0,0,0,0,0,0,0
237,0,87,0,0,0,0,0,0.00000000,0.00000000,0,0,-255,0,-255,0,0,0,0,0,0,0,0
238,0,83,0,0,0,0,0,0.00000000,0.00000000,0,0,-255,0,-255,0,0,0,0,0,0,0,0
239,0,82,0,0,0,0,0,0.00000000,0.00000000,0,0,-255,0,-255,0,0,0,0,0,0,0,0
240,0,83,0,0,0,0,0,0.00000000,0.00000000,0,0,-255,0,-255,0,0,0,0,0,0,0,0
241,0,85,0,0,0,0,0,0.00000000,0.00000000,0,0,-255,0,-255,0,0,0,0,0,0,0,0
242,0,85.5,0,0,0,0,0,0.00000000,0.00000000,0,0,-255,0,-255,0,0,0,0,0,0,0,0
243,0,86,0,0,0,0,0,0.00000000,0.00000000,0,0,-255,0,-255,0,0,0,0,0,0,0,0
244,0,86.1,0,0,0,0,0,0.00000000,0.00000000,0,0,-255,0,-255,0,0,0,0,0,0,0,0
245,0,86.2,0,0,0,0,0,0.00000000,0.00000000,0,0,-255,0,-255,0,0,0,0,0,0,0,0
246,0,86.3,0,0,0,0,0,0.00000000,0.00000000,0,0,-255,0,-255,0,0,0,0,0,0,0,0
247,0,86.4,0,0,0,0,0,0.00000000,0.00000000,0,0,-255,0,-255,0,0,0,0,0,0,0,0
248,0,86.5,0,0,0,0,0,0.00000000,0.00000000,0,0,-255,0,-255,0,0,0,0,0,0,0,0
249,0,86.6,0,0,0,0,0,0.00000000,0.00000000,0,0,-255,0,-255,0,0,0,0,0,0,0,0
250,0,86.7,0,0,0,0,0,0.00000000,0.00000000,0,0,-255,0,-255,0,0,0,0,0,0,0,0
251,0,86.8,0,0,0,0,0,0.00000000,0.00000000,0,0,-255,0,-255,0,0,0,0,0,0,0,0
252,0,86.9,0,0,0,0,0,0.00000000,0.00000000,0,0,-255,0,-255,0,0,0,0,0,0,0,0
253,0,87,0,0,0,0,0,0.00000000,0.00000000,0,0,-255,0,-255,0,0,0,0,0,0,0,0
254,0,87.375,0,0,0,0,0,0.00000000,0.00000000,0,0,-255,0,-255,0,0,0,0,0,0,0,0
255,0,87.75,0,0,0,0,0,0.00000000,0.00000000,0,0,-255,0,-255,0,0,0,0,0,0,0,0
256,0,88.125,0,0,0,0,0,0.00000000,0.00000000,0,0,-255,0,-255,0,0,0,0,0,0,0,0
257,0,88.5,0,0,0,0,0,0.00000000,0.00000000,0,0,-255,0,-255,0,0,0,0,0,0,0,0
258,0,88.875,0,0,0,0,0,0.00000000,0.00000000,0,0,-255,0,-255,0,0,0,0,0,0,0,0
259,0,89.25,0,0,0,0,0,0.00000000,0.00000000,0,0,-255,0,-255,0,0,0,0,0,0,0,0
260,0,89.625,0,0,0,0,0,0.00000000,0.00000000,0,0,-255,0,-255,0,0,0,0,0,0,0,0
261,0,90,0,0,0,0,0,0.00000000,0.00000000,0,0,-255,0,-255,0,0,0,0,0,0,0,0
262,0,90.125,0,0,0,0,0,0.00000000,0.00000000,0,0,-255,0,-255,0,0,0,0,0,0,0,0
263,0,90.25,0,0,0,0,0,0.00000000,0.00000000,0,0,-255,0,-255,0,0,0,0,0,0,0,0
264,0,90.375,0,0,0,0,0,0.00000000,0.00000000,0,0,-255,0,-255,0,0,0,0,0,0,0,0
265,0,90.5,0,0,0,0,0,0.00000000,0.00000000,0,0,-255,0,-255,0,0,0,0,0,0,0,0
266,0,90.625,0,0,0,0,0,0.00000000,0.00000000,0,0,-255,0,-255,0,0,0,0,0,0,0,0
267,0,90.75,0,0,0,0,0,0.00000000,0.00000000,0,0,-255,0,-255,0,0,0,0,0,0,0,0
268,0,90.875,0,0,0,0,0,0.00000000,0.00000000,0,0,-255,0,-255,0,0,0,0,0,0,0,0
269,0,91,0,0,0,0,0,0.00000000,0.00000000,0,0,-255,0,-255,0,0,0,0,0,0,0,0
270,0,90.5,0,0,0,0,0,0.00000000,0.00000000,0,0,-255,0,-255,0,0,0,0,0,0,0,0
271,0,90,0,0,0,0,0,0.00000000,0.00000000,0,0,-255,0,-255,0,0,0,0,0,0,0,0
272,0,89.9091,0,0,0,0,0,0.00000000,0.00000000,0,0,-255,0,-255,0,0,0,0,0,0,0,0
273,0,89.8182,0,0,0,0,0,0.00000000,0.00000000,0,0,-255,0,-255,0,0,0,0,0,0,0,0
274,0,89.7273,0,0,0,0,0,0.00000000,0.00000000,0,0,-255,0,-255,0,0,0,0,0,0,0,0
275,0,89.6364,0,0,0,0,0,0.00000000,0.00000000,0,0,-255,0,-255,0,0,0,0,0,0,0,0
276,0,89.5455,0,0,0,0,0,0.00000000,0.00000000,0,0,-255,0,-255,0,0,0,0,0,0,0,0
277,0,89.4545,0,0,0,0,0,0.00000000,0.00000000,0,0,-255,0,-255,0,0,0,0,0,0,0,0
278,0,89.3636,0,0,0,0,0,0.00000000,0.00000000,0,0,-255,0,-255,0,0,0,0,0,0,0,0
279,0,89.2727,0,0,0,0,0,0.00000000,0.00000000,0,0,-255,0,-255,0,0,0,0,0,0,0,0
280,0,89.1818,0,0,0,0,0,0.00000000,0.00000000,0,0,-255,0,-255,0,0,0,0,0,0,0,0
281,0,89.0909,0,0,0,0,0,0.00000000,0.00000000,0,0,-255,0,-255,0,0,0,0,0,0,0,0
282,0,89,0,0,0,0,0,0.00000000,0.00000000,0,0,-255,0,-255,0,0,0,0,0,0,0,0
283,0,88,0,0,0,0,0,0.00000000,0.00000000,0,0,-255,0,-255,0,0,0,0,0,0,0,0
284,0,88.1429,0,0,0,0,0,0.00000000,0.00000000,0,0,-255,0,-255,0,0,0,0,0,0,0,0
285,0,88.2857,0,0,0,0,0,0.00000000,0.00000000,0,0,-255,0,-255,0,0,0,0,0,0,0,0
286,0,88.4286,0,0,0,0,0,0.00000000,0.00000000,0,0,-255,0,-255,0,0,0,0,0,0,0,0
287,0,88.5714,0,0,0,0,0,0.00000000,0.00000000,0,0,-255,0,-255,0,0,0,0,0,0,0,0
288,0,88.7143,0,0,0,0,0,0.00000000,0.00000000,0,0,-255,0,-255,0,0,0,0,0,0,0,0
289,0,88.8571,0,0,0,0,0,0.00000000,0.00000000,0,0,-255,0,-255,0,0,0,0,0,0,0,0
290,0,89,0,0,0,0,0,0.00000000,0.00000000,0,0,-255,0,-255,0,0,0,0,0,0,0,0
291,0,89.5,0,0,0,0,0,0.00000000,0.00000000,0,0,-255,0,-255,0,0,0,0,0,0,0,0
292,0,90,0,0,0,0,0,0.00000000,0.00000000,0,0,-255,0,-255,0,0,0,0,0,0,0,0
293,0,92.6667,0,0,0,0,0,0.00000000,0.00000000,0,0,-255,0,-255,0,0,0,0,0,0,0,0
294,0,95.3333,0,0,0,0,0,0.00000000,0.00000000,0,0,-255,0,-255,0,0,0,0,0,0,0,0
295,0,98,0,0,0,0,0,0.00000000,0.00000000,0,0,-255,0,-255,0,0,0,0,0,0,0,0
296,0,98,0,0,0,0,0,0.00000000,0.00000000,0,0,-255,0,-255,0,0,0,0,0,0,0,0
297,0,100,0,0,0,0,0,0.00000000,0.00000000,0,0,-255,0,-255,0,0,0,0,0,0,0,0
298,0,103,0,0,0,0,0,0.00000000,0.00000000,0,0,-255,0,-255,0,0,0,0,0,0,0,0
299,0,108,0,0,0,0,0,0.00000000,0.00000000,0,0,-255,0,-255,0,0,0,0,0,0,0,0
300,0,111,0,0,0,0,0,0.00000000,0.00000000,0,0,-255,0,-255,0,0,0,0,0,0,0,0
301,0,111,0,0,0,0,0,0.00000000,0.00000000,0,0,-255,0,-255,0,0,0,0,0,0,0,0
302,0,110.5,0,0,0,0,0,0.00000000,0.00000000,0,0,-255,0,-255,0,0,0,0,0,0,0,0
303,0,110,0,0,0,0,0,0.00000000,0.00000000,0,0,-255,0,-255,0,0,0,0,0,0,0,0
304,0,109.5,0,0,0,0,0,0.00000000,0.00000000,0,0,-255,0,-255,0,0,0,0,0,0,0,0
305,0,109,0,0,0,0,0,0.00000000,0.00000000,0,0,-255,0,-255,0,0,0,0,0,0,0,0
306,0,108.5,0,0,0,0,0,0.00000000,0.00000000,0,0,-255,0,-255,0,0,0,0,0,0,0,0
307,0,108,0,0,0,0,0,0.00000000,0.00000000,0,0,-255,0,-255,0,0,0,0,0,0,0,0
308,0,107,0,0,0,0,0,0.00000000,0.00000000,0,0,-255,0,-255,0,0,0,0,0,0,0,0
309,0,106,0,0,0,0,0,0.00000000,0.00000000,0,0,-255,0,-255,0,0,0,0,0,0,0,0
310,0,105,0,0,0,0,0,0.00000000,0.00000000,0,0,-255,0,-255,0,0,0,0,0,0,0,0
311,0,104.667,0,0,0,0,0,0.00000000,0.00000000,0,0,-255,0,-255,0,0,0,0,0,0,0,0
312,0,104.333,0,0,0,0,0,0.00000000,0.00000000,0,0,-255,0,-255,0,0,0,0,0,0,0,0
313,0,104,0,0,0,0,0,0.00000000,0.00000000,0,0,-255,0,-255,0,0,0,0,0,0,0,0
314,0,103.5,0,0,0,0,0,0.00000000,0.00000000,0,0,-255,0,-255,0,0,0,0,0,0,0,0
315,0,103,0,0,0,0,0,0.00000000,0.00000000,0,0,-255,0,-255,0,0,0,0,0,0,0,0
316,0,101.5,0,0,0,0,0,0.00000000,0.00000000,0,0,-255,0,-255,0,0,0,0,0,0,0,0
317,0,100,0,0,0,0,0,0.00000000,0.00000000,0,0,-255,0,-255,0,0,0,0,0,0,0,0
318,0,98,0,0,0,0,0,0.00000000,0.00000000,0,0,-255,0,-255,0,0,0,0,0,0,0,0
319,0,99,0,0,0,0,0,0.00000000,0.00000000,0,0,-255,0,-255,0,0,0,0,0,0,0,0
320,0,102,0,0,0,0,0,0.00000000,0.00000000,0,0,-255,0,-255,0,0,0,0,0,0,0,0
321,0,103,0,0,0,0,0,0.00000000,0.00000000,0,0,-255,0,-255,0,0,0,0,0,0,0,0
322,0,104,0,0,0,0,0,0.00000000,0.00000000,0,0,-255,0,-255,0,0,0,0,0,0,0,0
323,0,104.5,0,0,0,0,0,0.00000000,0.00000000,0,0,-255,0,-255,0,0,0,0,0,0,0,0
324,0,105,0,0,0,0,0,0.00000000,0.00000000,0,0,-255,0,-255,0,0,0,0,0,0,0,0
325,0,104,0,0,0,0,0,0.00000000,0.00000000,0,0,-255,0,-255,0,0,0,0,0,0,0,0
326,0,103,0,0,0,0,0,0.00000000,0.00000000,0,0,-255,0,-255,0,0,0,0,0,0,0,0
327,0,102,0,0,0,0,0,0.00000000,0.00000000,0,0,-255,0,-255,0,0,0,0,0,0,0,0
328,0,98,0,0,0,0,0,0.00000000,0.00000000,0,0,-255,0,-255,0,0,0,0,0,0,0,0
329,0,98,0,0,0,0,0,0.00000000,0.00000000,0,0,-255,0,-255,0,0,0,0,0,0,0,0
330,0,97.5,0,0,0,0,0,0.00000000,0.00000000,0,0,-255,0,-255,0,0,0,0,0,0,0,0
331,0,97,0,0,0,0,0,0.00000000,0.00000000,0,0,-255,0,-255,0,0,0,0,0,0,0,0
332,0,97.5,0,0,0,0,0,0.00000000,0.00000000,0,0,-255,0,-255,0,0,0,0,0,0,0,0
333,0,98,0,0,0,0,0,0.00000000,0.00000000,0,0,-255,0,-255,0,0,0,0,0,0,0,0
334,0,98.5,0,0,0,0,0,0.00000000,0.00000000,0,0,-255,0,-255,0,0,0,0,0,0,0,0
335,0,99,0,0,0,0,0,0.00000000,0.00000000,0,0,-255,0,-255,0,0,0,0,0,0,0,0
336,0,102,0,0,0,0,0,0.00000000,0.00000000,0,0,-255,0,-255,0,0,0,0,0,0,0,0
337,0,102,0,0,0,0,0,0.00000000,0.00000000,0,0,-255,0,-255,0,0,0,0,0,0,0,0
338,0,102.5,0,0,0,0,0,0.00000000,0.00000000,0,0,-255,0,-255,0,0,0,0,0,0,0,0
339,0,103,0,0,0,0,0,0.00000000,0.00000000,0,0,-255,0,-255,0,0,0,0,0,0,0,0
340,0,103.5,0,0,0,0,0,0.00000000,0.00000000,0,0,-255,0,-255,0,0,0,0,0,0,0,0
341,0,104,0,0,0,0,0,0.00000000,0.00000000,0,0,-255,0,-255,0,0,0,0,0,0,0,0
342,0,107,0,0,0,0,0,0.00000000,0.00000000,0,0,-255,0,-255,0,0,0,0,0,0,0,0
343,0,109,0,0,0,0,0,0.00000000,0.00000000,0,0,-255,0,-255,0,0,0,0,0,0,0,0
344,0,107,0,0,0,0,0,0.00000000,0.00000000,0,0,-255,0,-255,0,0,0,0,0,0,0,0
345,0,106,0,0,0,0,0,0.00000000,0.00000000,0,0,-255,0,-255,0,0,0,0,0,0,0,0
346,0,105,0,0,0,0,0,0.00000000,0.00000000,0,0,-255,0,-255,0,0,0,0,0,0,0,0
347,0,106,0,0,0,0,0,0.00000000,0.00000000,0,0,-255,0,-255,0,0,0,0,0,0,0,0
348,0,107,0,0,0,0,0,0.00000000,0.00000000,0,0,-255,0,-255,0,0,0,0,0,0,0,0
349,0,108,0,0,0,0,0,0.00000000,0.00000000,0,0,-255,0,-255,0,0,0,0,0,0,0,0
350,0,109,0,0,0,0,0,0.00000000,0.00000000,0,0,-255,0,-255,0,0,0,0,0,0,0,0
351,0,109.5,0,0,0,0,0,0.00000000,0.00000000,0,0,-255,0,-255,0,0,0,0,0,0,0,0
352,0,110,0,0,0,0,0,0.00000000,0.00000000,0,0,-255,0,-255,0,0,0,0,0,0,0,0
353,0,110.5,0,0,0,0,0,0.00000000,0.00000000,0,0,-255,0,-255,0,0,0,0,0,0,0,0
354,0,111,0,0,0,0,0,0.00000000,0.00000000,0,0,-255,0,-255,0,0,0,0,0,0,0,0
355,0,112,0,0,0,0,0,0.00000000,0.00000000,0,0,-255,0,-255,0,0,0,0,0,0,0,0
356,0,113,0,0,0,0,0,0.00000000,0.00000000,0,0,-255,0,-255,0,0,0,0,0,0,0,0
357,0,112.5,0,0,0,0,0,0.00000000,0.00000000,0,0,-255,0,-255,0,0,0,0,0,0,0,0
358,0,112,0,0,0,0,0,0.00000000,0.00000000,0,0,-255,0,-255,0,0,0,0,0,0,0,0
359,0,111,0,0,0,0,0,0.00000000,0.00000000,0,0,-255,0,-255,0,0,0,0,0,0,0,0
360,0,113,0,0,0,0,0,0.00000000,0.00000000,0,0,-255,0,-255,0,0,0,0,0,0,0,0
361,0,115,0,0,0,0,0,0.00000000,0.00000000,0,0,-255,0,-255,0,0,0,0,0,0,0,0
362,0,117,0,0,0,0,0,0.00000000,0.00000000,0,0,-255,0,-255,0,0,0,0,0,0,0,0
363,0,117.167,0,0,0,0,0,0.00000000,0.00000000,0,0,-255,0,-255,0,0,0,0,0,0,0,0
364,0,117.333,0,0,0,0,0,0.00000000,0.00000000,0,0,-255,0,-255,0,0,0,0,0,0,0,0
365,0,117.5,0,0,0,0,0,0.00000000,0.00000000,0,0,-255,0,-255,0,0,0,0,0,0,0,0
366,0,117.667,0,0,0,0,0,0.00000000,0.00000000,0,0,-255,0,-255,0,0,0,0,0,0,0,0
367,0,117.833,0,0,0,0,0,0.00000000,0.00000000,0,0,-255,0,-255,0,0,0,0,0,0,0,0
368,0,118,0,0,0,0,0,0.00000000,0.00000000,0,0,-255,0,-255,0,0,0,0,0,0,0,0
369,0,117.833,0,0,0,0,0,0.00000000,0.00000000,0,0,-255,0,-255,0,0,0,0,0,0,0,0
370,0,117.667,0,0,0,0,0,0.00000000,0.00000000,0,0,-255,0,-255,0,0,0,0,0,0,0,0
371,0,117.5,0,0,0,0,0,0.00000000,0.00000000,0,0,-255,0,-255,0,0,0,0,0,0,0,0
372,0,117.333,0,0,0,0,0,0.00000000,0.00000000,0,0,-255,0,-255,0,0,0,0,0,0,0,0
373,0,117.167,0,0,0,0,0,0.00000000,0.00000000,0,0,-255,0,-255,0,0,0,0,0,0,0,0
374,0,117,0,0,0,0,0,0.00000000,0.00000000,0,0,-255,0,-255,0,0,0,0,0,0,0,0
375,0,115,0,0,0,0,0,0.00000000,0.00000000,0,0,-255,0,-255,0,0,0,0,0,0,0,0
376,0,114.8,0,0,0,0,0,0.00000000,0.00000000,0,0,-255,0,-255,0,0,0,0,0,0,0,0
377,0,114.6,0,0,0,0,0,0.00000000,0.00000000,0,0,-255,0,-255,0,0,0,0,0,0,0,0
378,0,114.4,0,0,0,0,0,0.00000000,0.00000000,0,0,-255,0,-255,0,0,0,0,0,0,0,0
379,0,114.2,0,0,0,0,0,0.00000000,0.00000000,0,0,-255,0,-255,0,0,0,0,0,0,0,0
380,0,114,0,0,0,0,0,0.00000000,0.00000000,0,0,-255,0,-255,0,0,0,0,0,0,0,0
381,0,110,0,0,0,0,0,0.00000000,0.00000000,0,0,-255,0,-255,0,0,0,0,0,0,0,0
382,0,112,0,0,0,0,0,0.00000000,0.00000000,0,0,-255,0,-255,0,0,0,0,0,0,0,0
383,0,111.889,0,0,0,0,0,0.00000000,0.00000000,0,0,-255,0,-255,0,0,0,0,0,0,0,0
384,0,111.778,0,0,0,0,0,0.00000000,0.00000000,0,0,-255,0,-255,0,0,0,0,0,0,0,0
385,0,111.667,0,0,0,0,0,0.00000000,0.00000000,0,0,-255,0,-255,0,0,0,0,0,0,0,0
386,0,111.556,0,0,0,0,0,0.00000000,0.00000000,0,0,-255,0,-255,0,0,0,0,0,0,0,0
387,0,111.444,0,0,0,0,0,0.00000000,0.00000000,0,0,-255,0,-255,0,0,0,0,0,0,0,0
388,0,111.333,0,0,0,0,0,0.00000000,0.00000000,0,0,-255,0,-255,0,0,0,0,0,0,0,0
389,0,111.222,0,0,0,0,0,0.00000000,0.00000000,0,0,-255,0,-255,0,0,0,0,0,0,0,0
390,0,111.111,0,0,0,0,0,0.00000000,0.00000000,0,0,-255,0,-255,0,0,0,0,0,0,0,0
391,0,111,0,0,0,0,0,0.00000000,0.00000000,0,0,-255,0,-255,0,0,0,0,0,0,0,0
392,0,109,0,0,0,0,0,0.00000000,0.00000000,0,0,-255,0,-255,0,0,0,0,0,0,0,0
393,0,108,0,0,0,0,0,0.00000000,0.00000000,0,0,-255,0,-255,0,0,0,0,0,0,0,0
394,0,107.6,0,0,0,0,0,0.00000000,0.00000000,0,0,-255,0,-255,0,0,0,0,0,0,0,0
395,0,107.2,0,0,0,0,0,0.00000000,0.00000000,0,0,-255,0,-255,0,0,0,0,0,0,0,0
396,0,106.8,0,0,0,0,0,0.00000000,0.00000000,0,0,-255,0,-255,0,0,0,0,0,0,0,0
397,0,106.4,0,0,0,0,0,0.00000000,0.00000000,0,0,-255,0,-255,0,0,0,0,0,0,0,0
398,0,106,0,0,0,0,0,0.00000000,0.00000000,0,0,-255,0,-255,0,0,0,0,0,0,0,0
399,0,105,0,0,0,0,0,0.00000000,0.00000000,0,0,-255,0,-255,0,0,0,0,0,0,0,0
400,0,105.25,0,0,0,0,0,0.00000000,0.00000000,0,0,-255,0,-255,0,0,0,0,0,0,0,0
401,0,105.5,0,0,0,0,0,0.00000000,0.00000000,0,0,-255,0,-255,0,0,0,0,0,0,0,0
402,0,105.75,0,0,0,0,0,0.00000000,0.00000000,0,0,-255,0,-255,0,0,0,0,0,0,0,0
403,0,106,0,0,0,0,0,0.00000000,0.00000000,0,0,-255,0,-255,0,0,0,0,0,0,0,0
404,0,107,0,0,0,0,0,0.00000000,0.00000000,0,0,-255,0,-255,0,0,0,0,0,0,0,0
405,0,105,0,0,0,0,0,0.00000000,0.00000000,0,0,-255,0,-255,0,0,0,0,0,0,0,0
406,0,102,0,0,0,0,0,0.00000000,0.00000000,0,0,-255,0,-255,0,0,0,0,0,0,0,0
407,0,102,0,0,0,0,0,0.00000000,0.00000000,0,0,-255,0,-255,0,0,0,0,0,0,0,0
408,0,102.125,0,0,0,0,0,0.00000000,0.00000000,0,0,-255,0,-255,0,0,0,0,0,0,0,0
409,0,102.25,0,0,0,0,0,0.00000000,0.00000000,0,0,-255,0,-255,0,0,0,0,0,0,0,0
410,0,102.375,0,0,0,0,0,0.00000000,0.00000000,0,0,-255,0,-255,0,0,0,0,0,0,0,0
411,0,102.5,0,0,0,0,0,0.00000000,0.00000000,0,0,-255,0,-255,0,0,0,0,0,0,0,0
412,0,102.625,0,0,0,0,0,0.00000000,0.00000000,0,0,-255,0,-255,0,0,0,0,0,0,0,0
413,0,102.75,0,0,0,0,0,0.00000000,0.00000000,0,0,-255,0,-255,0,0,0,0,0,0,0,0
414,0,102.875,0,0,0,0,0,0.00000000,0.00000000,0,0,-255,0,-255,0,0,0,0,0,0,0,0
415,0,103,0,0,0,0,0,0.00000000,0.00000000,0,0,-255,0,-255,0,0,0,0,0,0,0,0
416,0,104,0,0,0,0,0,0.00000000,0.00000000,0,0,-255,0,-255,0,0,0,0,0,0,0,0
417,0,104.5,0,0,0,0,0,0.00000000,0.00000000,0,0,-255,0,-255,0,0,0,0,0,0,0,0
418,0,105,0,0,0,0,0,0.00000000,0.00000000,0,0,-255,0,-255,0,0,0,0,0,0,0,0
419,0,105.5,0,0,0,0,0,0.00000000,0.00000000,0,0,-255,0,-255,0,0,0,0,0,0,0,0
420,0,106,0,0,0,0,0,0.00000000,0.00000000,0,0,-255,0,-255,0,0,0,0,0,0,0,0
421,0,106.5,0,0,0,0,0,0.00000000,0.00000000,0,0,-255,0,-255,0,0,0,0,0,0,0,0
422,0,107,0,0,0,0,0,0.00000000,0.00000000,0,0,-255,0,-255,0,0,0,0,0,0,0,0
423,0,108,0,0,0,0,0,0.00000000,0.00000000,0,0,-255,0,-255,0,0,0,0,0,0,0,0
424,0,109,0,0,0,0,0,0.00000000,0.00000000,0,0,-255,0,-255,0,0,0,0,0,0,0,0
425,0,106,0,0,0,0,0,0.00000000,0.00000000,0,0,-255,0,-255,0,0,0,0,0,0,0,0
426,0,104,0,0,0,0,0,0.00000000,0.00000000,0,0,-255,0,-255,0,0,0,0,0,0,0,0
427,0,105.5,0,0,0,0,0,0.00000000,0.00000000,0,0,-255,0,-255,0,0,0,0,0,0,0,0
428,0,107,0,0,0,0,0,0.00000000,0.00000000,0,0,-255,0,-255,0,0,0,0,0,0,0,0
429,0,110,0,0,0,0,0,0.00000000,0.00000000,0,0,-255,0,-255,0,0,0,0,0,0,0,0
430,0,111,0,0,0,0,0,0.00000000,0.00000000,0,0,-255,0,-255,0,0,0,0,0,0,0,0
431,0,110,0,0,0,0,0,0.00000000,0.00000000,0,0,-255,0,-255,0,0,0,0,0,0,0,0
432,0,107,0,0,0,0,0,0.00000000,0.00000000,0,0,-255,0,-255,0,0,0,0,0,0,0,0
433,0,105,0,0,0,0,0,0.00000000,0.00000000,0,0,-255,0,-255,0,0,0,0,0,0,0,0
434,0,108,0,0,0,0,0,0.00000000,0.00000000,0,0,-255,0,-255,0,0,0,0,0,0,0,0
435,0,109,0,0,0,0,0,0.00000000,0.00000000,0,0,-255,0,-255,0,0,0,0,0,0,0,0
436,0,108.5,0,0,0,0,0,0.00000000,0.00000000,0,0,-255,0,-255,0,0,0,0,0,0,0,0
437,0,108,0,0,0,0,0,0.00000000,0.00000000,0,0,-255,0,-255,0,0,0,0,0,0,0,0
438,0,107,0,0,0,0,0,0.00000000,0.00000000,0,0,-255,0,-255,0,0,0,0,0,0,0,0
439,0,107.25,0,0,0,0,0,0.00000000,0.00000000,0,0,-255,0,-255,0,0,0,0,0,0,0,0
440,0,107.5,0,0,0,0,0,0.00000000,0.00000000,0,0,-255,0,-255,0,0,0,0,0,0,0,0
441,0,107.75,0,0,0,0,0,0.00000000,0.00000000,0,0,-255,0,-255,0,0,0,0,0,0,0,0
442,0,108,0,0,0,0,0,0.00000000,0.00000000,0,0,-255,0,-255,0,0,0,0,0,0,0,0
443,0,109,0,0,0,0,0,0.00000000,0.00000000,0,0,-255,0,-255,0,0,0,0,0,0,0,0
444,0,113,0,0,0,0,0,0.00000000,0.00000000,0,0,-255,0,-255,0,0,0,0,0,0,0,0
445,0,117,0,0,0,0,0,0.00000000,0.00000000,0,0,-255,0,-255,0,0,0,0,0,0,0,0
446,0,120,0,0,0,0,0,0.00000000,0.00000000,0,0,-255,0,-255,0,0,0,0,0,0,0,0
447,0,120,0,0,0,0,0,0.00000000,0.00000000,0,0,-255,0,-255,0,0,0,0,0,0,0,0
448,0,120.333,0,0,0,0,0,0.00000000,0.00000000,0,0,-255,0,-255,0,0,0,0,0,0,0,0
449,0,120.667,0,0,0,0,0,0.00000000,0.00000000,0,0,-255,0,-255,0,0,0,0,0,0,0,0
450,0,121,0,0,0,0,0,0.00000000,0.00000000,0,0,-255,0,-255,0,0,0,0,0,0,0,0
451,0,120.5,0,0,0,0,0,0.00000000,0.00000000,0,0,-255,0,-255,0,0,0,0,0,0,0,0
452,0,120,0,0,0,0,0,0.00000000,0.00000000,0,0,-255,0,-255,0,0,0,0,0,0,0,0
453,0,119,0,0,0,0,0,0.00000000,0.00000000,0,0,-255,0,-255,0,0,0,0,0,0,0,0
454,0,117,0,0,0,0,0,0.00000000,0.00000000,0,0,-255,0,-255,0,0,0,0,0,0,0,0
455,0,116,0,0,0,0,0,0.00000000,0.00000000,0,0,-255,0,-255,0,0,0,0,0,0,0,0
456,0,115,0,0,0,0,0,0.00000000,0.00000000,0,0,-255,0,-255,0,0,0,0,0,0,0,0
457,0,114,0,0,0,0,0,0.00000000,0.00000000,0,0,-255,0,-255,0,0,0,0,0,0,0,0
458,0,116,0,0,0,0,0,0.00000000,0.00000000,0,0,-255,0,-255,0,0,0,0,0,0,0,0
459,0,115,0,0,0,0,0,0.00000000,0.00000000,0,0,-255,0,-255,0,0,0,0,0,0,0,0
460,0,114,0,0,0,0,0,0.00000000,0.00000000,0,0,-255,0,-255,0,0,0,0,0,0,0,0
461,0,113,0,0,0,0,0,0.00000000,0.00000000,0,0,-255,0,-255,0,0,0,0,0,0,0,0
462,0,112.5,0,0,0,0,0,0.00000000,0.00000000,0,0,-255,0,-255,0,0,0,0,0,0,0,0
463,0,112,0,0,0,0,0,0.00000000,0.00000000,0,0,-255,0,-255,0,0,0,0,0,0,0,0
464,0,111,0,0,0,0,0,0.00000000,0.00000000,0,0,-255,0,-255,0,0,0,0,0,0,0,0
465,0,110,0,0,0,0,0,0.00000000,0.00000000,0,0,-255,0,-255,0,0,0,0,0,0,0,0
466,0,109,0,0,0,0,0,0.00000000,0.00000000,0,0,-255,0,-255,0,0,0,0,0,0,0,0
467,0,108.5,0,0,0,0,0,0.00000000,0.00000000,0,0,-255,0,-255,0,0,0,0,0,0,0,0
468,0,108,0,0,0,0,0,0.00000000,0.00000000,0,0,-255,0,-255,0,0,0,0,0,0,0,0
469,0,109,0,0,0,0,0,0.00000000,0.00000000,0,0,-255,0,-255,0,0,0,0,0,0,0,0
470,0,110,0,0,0,0,0,0.00000000,0.00000000,0,0,-255,0,-255,0,0,0,0,0,0,0,0
471,0,109,0,0,0,0,0,0.00000000,0.00000000,0,0,-255,0,-255,0,0,0,0,0,0,0,0
472,0,109.25,0,0,0,0,0,0.00000000,0.00000000,0,0,-255,0,-255,0,0,0,0,0,0,0,0
473,0,109.5,0,0,0,0,0,0.00000000,0.00000000,0,0,-255,0,-255,0,0,0,0,0,0,0,0
474,0,109.75,0,0,0,0,0,0.00000000,0.00000000,0,0,-255,0,-255,0,0,0,0,0,0,0,0
475,0,110,0,0,0,0,0,0.00000000,0.00000000,0,0,-255,0,-255,0,0,0,0,0,0,0,0
476,0,108,0,0,0,0,0,0.00000000,0.00000000,0,0,-255,0,-255,0,0,0,0,0,0,0,0
477,0,107,0,0,0,0,0,0.00000000,0.00000000,0,0,-255,0,-255,0,0,0,0,0,0,0,0
478,0,106,0,0,0,0,0,0.00000000,0.00000000,0,0,-255,0,-255,0,0,0,0,0,0,0,0
479,0,107,0,0,0,0,0,0.00000000,0.00000000,0,0,-255,0,-255,0,0,0,0,0,0,0,0
480,0,108,0,0,0,0,0,0.00000000,0.00000000,0,0,-255,0,-255,0,0,0,0,0,0,0,0
481,0,110,0,0,0,0,0,0.00000000,0.00000000,0,0,-255,0,-255,0,0,0,0,0,0,0,0
482,0,108,0,0,0,0,0,0.00000000,0.00000000,0,0,-255,0,-255,0,0,0,0,0,0,0,0
483,0,107,0,0,0,0,0,0.00000000,0.00000000,0,0,-255,0,-255,0,0,0,0,0,0,0,0
484,0,106,0,0,0,0,0,0.00000000,0.00000000,0,0,-255,0,-255,0,0,0,0,0,0,0,0
485,0,105.75,0,0,0,0,0,0.00000000,0.00000000,0,0,-255,0,-255,0,0,0,0,0,0,0,0
486,0,105.5,0,0,0,0,0,0.00000000,0.00000000,0,0,-255,0,-255,0,0,0,0,0,0,0,0
487,0,105.25,0,0,0,0,0,0.00000000,0.00000000,0,0,-255,0,-255,0,0,0,0,0,0,0,0
488,0,105,0,0,0,0,0,0.00000000,0.00000000,0,0,-255,0,-255,0,0,0,0,0,0,0,0
489,0,104,0,0,0,0,0,0.00000000,0.00000000,0,0,-255,0,-255,0,0,0,0,0,0,0,0
490,0,103.8,0,0,0,0,0,0.00000000,0.00000000,0,0,-255,0,-255,0,0,0,0,0,0,0,0
491,0,103.6,0,0,0,0,0,0.00000000,0.00000000,0,0,-255,0,-255,0,0,0,0,0,0,0,0
492,0,103.4,0,0,0,0,0,0.00000000,0.00000000,0,0,-255,0,-255,0,0,0,0,0,0,0,0
493,0,103.2,0,0,0,0,0,0.00000000,0.00000000,0,0,-255,0,-255,0,0,0,0,0,0,0,0
494,0,103,0,0,0,0,0,0.00000000,0.00000000,0,0,-255,0,-255,0,0,0,0,0,0,0,0
495,0,102.5,0,0,0,0,0,0.00000000,0.00000000,0,0,-255,0,-255,0,0,0,0,0,0,0,0
496,0,102,0,0,0,0,0,0.00000000,0.00000000,0,0,-255,0,-255,0,0,0,0,0,0,0,0
497,0,101.5,0,0,0,0,0,0.00000000,0.00000000,0,0,-255,0,-255,0,0,0,0,0,0,0,0
498,0,101,0,0,0,0,0,0.00000000,0.00000000,0,0,-255,0,-255,0,0,0,0,0,0,0,0
499,0,100,0,0,0,0,0,0.00000000,0.00000000,0,0,-255,0,-255,0,0,0,0,0,0,0,0
500,0,100.125,0,0,0,0,0,0.00000000,0.00000000,0,0,-255,0,-255,0,0,0,0,0,0,0,0
501,0,100.25,0,0,0,0,0,0.00000000,0.00000000,0,0,-255,0,-255,0,0,0,0,0,0,0,0
502,0,100.375,0,0,0,0,0,0.00000000,0.00000000,0,0,-255,0,-255,0,0,0,0,0,0,0,0
503,0,100.5,0,0,0,0,0,0.00000000,0.00000000,0,0,-255,0,-255,0,0,0,0,0,0,0,0
504,0,100.625,0,0,0,0,0,0.00000000,0.00000000,0,0,-255,0,-255,0,0,0,0,0,0,0,0
505,0,100.75,0,0,0,0,0,0.00000000,0.00000000,0,0,-255,0,-255,0,0,0,0,0,0,0,0
506,0,100.875,0,0,0,0,0,0.00000000,0.00000000,0,0,-255,0,-255,0,0,0,0,0,0,0,0
507,0,101,0,0,0,0,0,0.00000000,0.00000000,0,0,-255,0,-255,0,0,0,0,0,0,0,0
508,5,101.083,0,0,0,0,0,0.00000000,0.00000000,0,0,-255,0,-255,0,0,0,0,0,0,0,0
509,10,101.167,0,0,0,0,0,0.00000000,0.00000000,0,0,-255,0,-255,0,0,0,0,0,0,0,0
510,15,101.25,0,0,0,0,0,0.00000000,0.00000000,0,0,-255,0,-255,0,0,0,0,0,0,0,0
511,20,101.333,0,0,0,0,0,0.00000000,0.00000000,0,0,-255,0,-255,0,0,0,0,0,0,0,0
512,25,101.417,0,0,0,0,0,0.00000000,0.00000000,0,0,-255,0,-255,0,0,0,0,0,0,0,0
513,30,101.5,0,0,0,0,0,0.00000000,0.00000000,0,0,-255,0,-255,0,0,0,0,0,0,0,0
514,35,101.583,0,0,0,0,0,0.00000000,0.00000000,0,0,-255,0,-255,0,0,0,0,0,0,0,0
515,40,101.667,0,0,0,0,0,0.00000000,0.00000000,0,0,-255,0,-255,0,0,0,0,0,0,0,0
516,45,101.75,0,0,0,0,0,0.00000000,0.00000000,0,0,-255,0,-255,0,0,0,0,0,0,0,0
517,50,101.833,0,0,0,0,0,0.00000000,0.00000000,0,0,-255,0,-255,0,0,0,0,0,0,0,0
518,55,101.917,0,0,0,0,0,0.00000000,0.00000000,0,0,-255,0,-255,0,0,0,0,0,0,0,0
519,60,102,0,0,0,0,0,0.00000000,0.00000000,0,0,-255,0,-255,0,0,0,0,0,0,0,0
520,60,103,0,0,0,0,0,0.00000000,0.00000000,0,0,-255,0,-255,0,0,0,0,0,0,0,0
521,0,105,0,0,0,0,0,0.00000000,0.00000000,0,0,-255,0,-255,0,0,0,0,0,0,0,0
522,0,107,0,0,0,0,0,0.00000000,0.00000000,0,0,-255,0,-255,0,0,0,0,0,0,0,0
523,0,110,0,0,0,0,0,0.00000000,0.00000000,0,0,-255,0,-255,0,0,0,0,0,0,0,0
524,0,112,0,0,0,0,0,0.00000000,0.00000000,0,0,-255,0,-255,0,0,0,0,0,0,0,0
525,0,116,0,0,0,0,0,0.00000000,0.00000000,0,0,-255,0,-255,0,0,0,0,0,0,0,0
526,60,116,0,0,0,0,0,0.00000000,0.00000000,0,0,-255,0,-255,0,0,0,0,0,0,0,0
527,60,116.667,0,0,0,0,0,0.00000000,0.00000000,0,0,-255,0,-255,0,0,0,0,0,0,0,0
528,60,117.333,0,0,0,0,0,0.00000000,0.00000000,0,0,-255,0,-255,0,0,0,0,0,0,0,0
529,60,118,0,0,0,0,0,0.00000000,0.00000000,0,0,-255,0,-255,0,0,0,0,0,0,0,0
530,60,119,0,0,0,0,0,0.00000000,0.00000000,0,0,-255,0,-255,0,0,0,0,0,0,0,0
531,60,121,0,0,0,0,0,0.00000000,0.00000000,0,0,-255,0,-255,0,0,0,0,0,0,0,0
532,60,118,0,0,0,0,0,0.00000000,0.00000000,0,0,-255,0,-255,0,0,0,0,0,0,0,0
533,60,120,0,0,0,0,0,0.00000000,0.00000000,0,0,-255,0,-255,0,0,0,0,0,0,0,0
534,60,123,0,0,0,0,0,0.00000000,0.00000000,0,0,-255,0,-255,0,0,0,0,0,0,0,0
535,53,127,0,0,0,0,0,0.00000000,0.00000000,0,0,-255,0,-255,0,0,0,0,0,0,0,0
536,49.5,126,0,0,0,0,0,0.00000000,0.00000000,0,0,-255,0,-255,0,0,0,0,0,0,0,0
537,49.5,123,0,0,0,0,0,0.00000000,0.00000000,0,0,-255,0,-255,0,0,0,0,0,0,0,0
538,49.5,122,0,0,0,0,0,0.00000000,0.00000000,0,0,-255,0,-255,0,0,0,0,0,0,0,0
539,49.5,125,0,0,0,0,0,0.00000000,0.00000000,0,0,-255,0,-255,0,0,0,0,0,0,0,0
540,49.5,128,0,0,0,0,0,0.00000000,0.00000000,0,0,-255,0,-255,0,0,0,0,0,0,0,0
541,49.5,129,0,0,0,0,0,0.00000000,0.00000000,0,0,-255,0,-255,0,0,0,0,0,0,0,0
542,49.5,127,0,0,0,0,0,0.00000000,0.00000000,0,0,-255,0,-255,0,0,0,0,0,0,0,0
543,49.5,127.667,0,0,0,0,0,0.00000000,0.00000000,0,0,-255,0,-255,0,0,0,0,0,0,0,0
544,49.5,128.333,0,0,0,0,0,0.00000000,0.00000000,0,0,-255,0,-255,0,0,0,0,0,0,0,0
545,49.5,129,0,0,0,0,0,0.00000000,0.00000000,0,0,-255,0,-255,0,0,0,0,0,0,0,0
546,49.5,131,0,0,0,0,0,0.00000000,0.00000000,0,0,-255,0,-255,0,0,0,0,0,0,0,0
547,49.5,133,0,0,0,0,0,0.00000000,0.00000000,0,0,-255,0,-255,0,0,0,0,0,0,0,0
548,49.5,137,0,0,0,0,0,0.00000000,0.00000000,0,0,-255,0,-255,0,0,0,0,0,0,0,0
549,60,140,0,0,0,0,0,0.00000000,0.00000000,0,0,-255,0,-255,0,0,0,0,0,0,0,0
550,60,138,0,0,0,0,0,0.00000000,0.00000000,0,0,-255,0,-255,0,0,0,0,0,0,0,0
551,60,136,0,0,0,0,0,0.00000000,0.00000000,0,0,-255,0,-255,0,0,0,0,0,0,0,0
552,60,133,0,0,0,0,0,0.00000000,0.00000000,0,0,-255,0,-255,0,0,0,0,0,0,0,0
553,60,134,0,0,0,0,0,0.00000000,0.00000000,0,0,-255,0,-255,0,0,0,0,0,0,0,0
554,60,133,0,0,0,0,0,0.00000000,0.00000000,0,0,-255,0,-255,0,0,0,0,0,0,0,0
555,60,131,0,0,0,0,0,0.00000000,0.00000000,0,0,-255,0,-255,0,0,0,0,0,0,0,0
556,60,129.5,0,0,0,0,0,0.00000000,0.00000000,0,0,-255,0,-255,0,0,0,0,0,0,0,0
557,60,128,0,0,0,0,0,0.00000000,0.00000000,0,0,-255,0,-255,0,0,0,0,0,0,0,0
558,0,130,0,0,0,0,0,0.00000000,0.00000000,0,0,-255,0,-255,0,0,0,0,0,0,0,0
559,0,131,0,0,0,0,0,0.00000000,0.00000000,0,0,-255,0,-255,0,0,0,0,0,0,0,0
560,0,130,0,0,0,0,0,0.00000000,0.00000000,0,0,-255,0,-255,0,0,0,0,0,0,0,0
561,0,128,0,0,0,0,0,0.00000000,0.00000000,0,0,-255,0,-255,0,0,0,0,0,0,0,0
562,0,126,0,0,0,0,0,0.00000000,0.00000000,0,0,-255,0,-255,0,0,0,0,0,0,0,0
563,0,131,0,0,0,0,0,0.00000000,0.00000000,0,0,-255,0,-255,0,0,0,0,0,0,0,0
564,60,135,0,0,0,0,0,0.00000000,0.00000000,0,0,-255,0,-255,0,0,0,0,0,0,0,0
565,0,135,0,0,0,0,0,0.00000000,0.00000000,0,0,-255,0,-255,0,0,0,0,0,0,0,0
566,0,131,0,0,0,0,0,0.00000000,0.00000000,0,0,-255,0,-255,0,0,0,0,0,0,0,0
567,0,132,0,0,0,0,0,0.00000000,0.00000000,0,0,-255,0,-255,0,0,0,0,0,0,0,0
568,0,136,0,0,0,0,0,0.00000000,0.00000000,0,0,-255,0,-255,0,0,0,0,0,0,0,0
569,0,136,0,0,0,0,0,0.00000000,0.00000000,0,0,-255,0,-255,0,0,0,0,0,0,0,0
570,0,137,0,0,0,0,0,0.00000000,0.00000000,0,0,-255,0,-255,0,0,0,0,0,0,0,0
571,0,143,0,0,0,0,0,0.00000000,0.00000000,0,0,-255,0,-255,0,0,0,0,0,0,0,0
572,0,143,0,0,0,0,0,0.00000000,0.00000000,0,0,-255,0,-255,0,0,0,0,0,0,0,0
573,0,144,0,0,0,0,0,0.00000000,0.00000000,0,0,-255,0,-255,0,0,0,0,0,0,0,0
574,0,143,0,0,0,0,0,0.00000000,0.00000000,0,0,-255,0,-255,0,0,0,0,0,0,0,0
575,0,140,0,0,0,0,0,0.00000000,0.00000000,0,0,-255,0,-255,0,0,0,0,0,0,0,0
576,0,138,0,0,0,0,0,0.00000000,0.00000000,0,0,-255,0,-255,0,0,0,0,0,0,0,0
577,0,134,0,0,0,0,0,0.00000000,0.00000000,0,0,-255,0,-255,0,0,0,0,0,0,0,0
578,0,131,0,0,0,0,0,0.00000000,0.00000000,0,0,-255,0,-255,0,0,0,0,0,0,0,0
579,0,127,0,0,0,0,0,0.00000000,0.00000000,0,0,-255,0,-255,0,0,0,0,0,0,0,0
580,0,127,0,0,0,0,0,0.00000000,0.00000000,0,0,-255,0,-255,0,0,0,0,0,0,0,0
581,0,126,0,0,0,0,0,0.00000000,0.00000000,0,0,-255,0,-255,0,0,0,0,0,0,0,0
582,0,125.667,0,0,0,0,0,0.00000000,0.00000000,0,0,-255,0,-255,0,0,0,0,0,0,0,0
583,0,125.333,0,0,0,0,0,0.00000000,0.00000000,0,0,-255,0,-255,0,0,0,0,0,0,0,0
584,0,125,0,0,0,0,0,0.00000000,0.00000000,0,0,-255,0,-255,0,0,0,0,0,0,0,0
585,0,124.5,0,0,0,0,0,0.00000000,0.00000000,0,0,-255,0,-255,0,0,0,0,0,0,0,0
586,0,124,0,0,0,0,0,0.00000000,0.00000000,0,0,-255,0,-255,0,0,0,0,0,0,0,0
587,20,124.333,0,0,0,0,0,0.00000000,0.00000000,0,0,-255,0,-255,0,0,0,0,0,0,0,0
588,40,124.667,0,0,0,0,0,0.00000000,0.00000000,0,0,-255,0,-255,0,0,0,0,0,0,0,0
589,60,125,0,0,0,0,0,0.00000000,0.00000000,0,0,-255,0,-255,0,0,0,0,0,0,0,0
590,60,126,0,0,0,0,0,0.00000000,0.00000000,0,0,-255,0,-255,0,0,0,0,0,0,0,0
591,60,127,0,0,0,0,0,0.00000000,0.00000000,0,0,-255,0,-255,0,0,0,0,0,0,0,0
592,0,128,0,0,0,0,0,0.00000000,0.00000000,0,0,-255,0,-255,0,0,0,0,0,0,0,0
593,0,129,0,0,0,0,0,0.00000000,0.00000000,0,0,-255,0,-255,0,0,0,0,0,0,0,0
594,0,130,0,0,0,0,0,0.00000000,0.00000000,0,0,-255,0,-255,0,0,0,0,0,0,0,0
595,0,131,0,0,0,0,0,0.00000000,0.00000000,0,0,-255,0,-255,0,0,0,0,0,0,0,0
596,0,131.5,0,0,0,0,0,0.00000000,0.00000000,0,0,-255,0,-255,0,0,0,0,0,0,0,0
597,0,132,0,0,0,0,0,0.00000000,0.00000000,0,0,-255,0,-255,0,0,0,0,0,0,0,0
598,0,131.5,0,0,0,0,0,0.00000000,0.00000000,0,0,-255,0,-255,0,0,0,0,0,0,0,0
599,0,131,0,0,0,0,0,0.00000000,0.00000000,0,0,-255,0,-255,0,0,0,0,0,0,0,0
600,30,130.5,0,0,0,0,0,0.00000000,0.00000000,0,0,-255,0,-255,0,0,0,0,0,0,0,0
601,60,130,0,0,0,0,0,0.00000000,0.00000000,0,0,-255,0,-255,0,0,0,0,0,0,0,0
602,30,129.5,0,0,0,0,0,0.00000000,0.00000000,0,0,-255,0,-255,0,0,0,0,0,0,0,0
603,0,129,0,0,0,0,0,0.00000000,0.00000000,0,0,-255,0,-255,0,0,0,0,0,0,0,0
604,0,128,0,0,0,0,0,0.00000000,0.00000000,0,0,-255,0,-255,0,0,0,0,0,0,0,0
605,0,128.071,0,0,0,0,0,0.00000000,0.00000000,0,0,-255,0,-255,0,0,0,0,0,0,0,0
606,0,128.143,0,0,0,0,0,0.00000000,0.00000000,0,0,-255,0,-255,0,0,0,0,0,0,0,0
607,0,128.214,0,0,0,0,0,0.00000000,0.00000000,0,0,-255,0,-255,0,0,0,0,0,0,0,0
608,0,128.286,0,0,0,0,0,0.00000000,0.00000000,0,0,-255,0,-255,0,0,0,0,0,0,0,0
609,0,128.357,0,0,0,0,0,0.00000000,0.00000000,0,0,-255,0,-255,0,0,0,0,0,0,0,0
610,0,128.429,0,0,0,0,0,0.00000000,0.00000000,0,0,-255,0,-255,0,0,0,0,0,0,0,0
611,0,128.5,0,0,0,0,0,0.00000000,0.00000000,0,0,-255,0,-255,0,0,0,0,0,0,0,0
612,0,128.571,0,0,0,0,0,0.00000000,0.00000000,0,0,-255,0,-255,0,0,0,0,0,0,0,0
613,0,128.643,0,0,0,0,0,0.00000000,0.00000000,0,0,-255,0,-255,0,0,0,0,0,0,0,0
614,0,128.714,0,0,0,0,0,0.00000000,0.00000000,0,0,-255,0,-255,0,0,0,0,0,0,0,0
615,0,128.786,0,0,0,0,0,0.00000000,0.00000000,0,0,-255,0,-255,0,0,0,0,0,0,0,0
616,0,128.857,0,0,0,0,0,0.00000000,0.00000000,0,0,-255,0,-255,0,0,0,0,0,0,0,0
617,0,128.929,0,0,0,0,0,0.00000000,0.00000000,0,0,-255,0,-255,0,0,0,0,0,0,0,0
618,0,129,0,0,0,0,0,0.00000000,0.00000000,0,0,-255,0,-255,0,0,0,0,0,0,0,0
619,0,129.5,0,0,0,0,0,0.00000000,0.00000000,0,0,-255,0,-255,0,0,0,0,0,0,0,0
620,0,130,0,0,0,0,0,0.00000000,0.00000000,0,0,-255,0,-255,0,0,0,0,0,0,0,0
621,44.25,129,0,0,0,0,0,0.00000000,0.00000000,0,0,-255,0,-255,0,0,0,0,0,0,0,0
622,88.5,128,0,0,0,0,0,0.00000000,0.00000000,0,0,-255,0,-255,0,0,0,0,0,0,0,0
623,88.5,129.5,0,0,0,0,0,0.00000000,0.00000000,0,0,-255,0,-255,0,0,0,0,0,0,0,0
624,88.5,131,0,0,0,0,0,0.00000000,0.00000000,0,0,-255,0,-255,0,0,0,0,0,0,0,0
625,88.5,135,0,0,0,0,0,0.00000000,0.00000000,0,0,-255,0,-255,0,0,0,0,0,0,0,0
626,88.5,140,0,0,0,0,0,0.00000000,0.00000000,0,0,-255,0,-255,0,0,0,0,0,0,0,0
627,88.5,146,0,0,0,0,0,0.00000000,0.00000000,0,0,-255,0,-255,0,0,0,0,0,0,0,0
628,88.5,150,0,0,0,0,0,0.00000000,0.00000000,0,0,-255,0,-255,0,0,0,0,0,0,0,0
629,88.5,156,0,0,0,0,0,0.00000000,0.00000000,0,0,-255,0,-255,0,0,0,0,0,0,0,0
630,41.5,154,0,0,0,0,0,0.00000000,0.00000000,0,0,-255,0,-255,0,0,0,0,0,0,0,0
631,41.5,151,0,0,0,0,0,0.00000000,0.00000000,0,0,-255,0,-255,0,0,0,0,0,0,0,0
632,41.5,150,0,0,0,0,0,0.00000000,0.00000000,0,0,-255,0,-255,0,0,0,0,0,0,0,0
633,41.5,152,0,0,0,0,0,0.00000000,0.00000000,0,0,-255,0,-255,0,0,0,0,0,0,0,0
634,41.5,154,0,0,0,0,0,0.00000000,0.00000000,0,0,-255,0,-255,0,0,0,0,0,0,0,0
635,41.5,155,0,0,0,0,0,0.00000000,0.00000000,0,0,-255,0,-255,0,0,0,0,0,0,0,0
636,27.6667,155.667,0,0,0,0,0,0.00000000,0.00000000,0,0,-255,0,-255,0,0,0,0,0,0,0,0
637,13.8333,156.333,0,0,0,0,0,0.00000000,0.00000000,0,0,-255,0,-255,0,0,0,0,0,0,0,0
638,0,157,0,0,0,0,0,0.00000000,0.00000000,0,0,-255,0,-255,0,0,0,0,0,0,0,0
639,60,158,0,0,0,0,0,0.00000000,0.00000000,0,0,-255,0,-255,0,0,0,0,0,0,0,0
640,60,159,0,0,0,0,0,0.00000000,0.00000000,0,0,-255,0,-255,0,0,0,0,0,0,0,0
641,0,164,0,0,0,0,0,0.00000000,0.00000000,0,0,-255,0,-255,0,0,0,0,0,0,0,0
642,0,169,0,0,0,0,0,0.00000000,0.00000000,0,0,-255,0,-255,0,0,0,0,0,0,0,0
643,60,174,0,0,0,0,0,0.00000000,0.00000000,0,0,-255,0,-255,0,0,0,0,0,0,0,0
644,60,182,0,0,0,0,0,0.00000000,0.00000000,0,0,-255,0,-255,0,0,0,0,0,0,0,0
645,60,180,0,0,0,0,0,0.00000000,0.00000000,0,0,-255,0,-255,0,0,0,0,0,0,0,0
646,60,178,0,0,0,0,0,0.00000000,0.00000000,0,0,-255,0,-255,0,0,0,0,0,0,0,0
647,60,183,0,0,0,0,0,0.00000000,0.00000000,0,0,-255,0,-255,0,0,0,0,0,0,0,0
648,0,176,0,0,0,0,0,0.00000000,0.00000000,0,0,-255,0,-255,0,0,0,0,0,0,0,0
649,0,174,0,0,0,0,0,0.00000000,0.00000000,0,0,-255,0,-255,0,0,0,0,0,0,0,0
650,0,174.5,0,0,0,0,0,0.00000000,0.00000000,0,0,-255,0,-255,0,0,0,0,0,0,0,0
651,0,175,0,0,0,0,0,0.00000000,0.00000000,0,0,-255,0,-255,0,0,0,0,0,0,0,0
652,0,176.5,0,0,0,0,0,0.00000000,0.00000000,0,0,-255,0,-255,0,0,0,0,0,0,0,0
653,0,178,0,0,0,0,0,0.00000000,0.00000000,0,0,-255,0,-255,0,0,0,0,0,0,0,0
654,0,177.25,0,0,0,0,0,0.00000000,0.00000000,0,0,-255,0,-255,0,0,0,0,0,0,0,0
655,0,176.5,0,0,0,0,0,0.00000000,0.00000000,0,0,-255,0,-255,0,0,0,0,0,0,0,0
656,0,175.75,0,0,0,0,0,0.00000000,0.00000000,0,0,-255,0,-255,0,0,0,0,0,0,0,0
657,0,175,0,0,0,0,0,0.00000000,0.00000000,0,0,-255,0,-255,0,0,0,0,0,0,0,0
658,0,171,0,0,0,0,0,0.00000000,0.00000000,0,0,-255,0,-255,0,0,0,0,0,0,0,0
659,0,168,0,0,0,0,0,0.00000000,0.00000000,0,0,-255,0,-255,0,0,0,0,0,0,0,0
660,0,164,0,0,0,0,0,0.00000000,0.00000000,0,0,-255,0,-255,0,0,0,0,0,0,0,0
661,0,163,0,0,0,0,0,0.00000000,0.00000000,0,0,-255,0,-255,0,0,0,0,0,0,0,0
662,0,163.5,0,0,0,0,0,0.00000000,0.00000000,0,0,-255,0,-255,0,0,0,0,0,0,0,0
663,0,164,0,0,0,0,0,0.00000000,0.00000000,0,0,-255,0,-255,0,0,0,0,0,0,0,0
664,0,164.333,0,0,0,0,0,0.00000000,0.00000000,0,0,-255,0,-255,0,0,0,0,0,0,0,0
665,0,164.667,0,0,0,0,0,0.00000000,0.00000000,0,0,-255,0,-255,0,0,0,0,0,0,0,0
666,0,165,0,0,0,0,0,0.00000000,0.00000000,0,0,-255,0,-255,0,0,0,0,0,0,0,0
667,0,164.75,0,0,0,0,0,0.00000000,0.00000000,0,0,-255,0,-255,0,0,0,0,0,0,0,0
668,0,164.5,0,0,0,0,0,0.00000000,0.00000000,0,0,-255,0,-255,0,0,0,0,0,0,0,0
669,0,164.25,0,0,0,0,0,0.00000000,0.00000000,0,0,-255,0,-255,0,0,0,0,0,0,0,0
670,0,164,0,0,0,0,0,0.00000000,0.00000000,0,0,-255,0,-255,0,0,0,0,0,0,0,0
671,0,163,0,0,0,0,0,0.00000000,0.00000000,0,0,-255,0,-255,0,0,0,0,0,0,0,0
672,0,162,0,0,0,0,0,0.00000000,0.00000000,0,0,-255,0,-255,0,0,0,0,0,0,0,0
673,0,161,0,0,0,0,0,0.00000000,0.00000000,0,0,-255,0,-255,0,0,0,0,0,0,0,0
674,0,160,0,0,0,0,0,0.00000000,0.00000000,0,0,-255,0,-255,0,0,0,0,0,0,0,0
675,0,159,0,0,0,0,0,0.00000000,0.00000000,0,0,-255,0,-255,0,0,0,0,0,0,0,0
676,8.57143,158.857,0,0,0,0,0,0.00000000,0.00000000,0,0,-255,0,-255,0,0,0,0,0,0,0,0
677,17.1429,158.714,0,0,0,0,0,0.00000000,0.00000000,0,0,-255,0,-255,0,0,0,0,0,0,0,0
678,25.7143,158.571,0,0,0,0,0,0.00000000,0.00000000,0,0,-255,0,-255,0,0,0,0,0,0,0,0
679,34.2857,158.429,0,0,0,0,0,0.00000000,0.00000000,0,0,-255,0,-255,0,0,0,0,0,0,0,0
680,42.8571,158.286,0,0,0,0,0,0.00000000,0.00000000,0,0,-255,0,-255,0,0,0,0,0,0,0,0
681,51.4286,158.143,0,0,0,0,0,0.00000000,0.00000000,0,0,-255,0,-255,0,0,0,0,0,0,0,0
682,60,158,0,0,0,0,0,0.00000000,0.00000000,0,0,-255,0,-255,0,0,0,0,0,0,0,0
683,60,157.5,0,0,0,0,0,0.00000000,0.00000000,0,0,-255,0,-255,0,0,0,0,0,0,0,0
684,60,157,0,0,0,0,0,0.00000000,0.00000000,0,0,-255,0,-255,0,0,0,0,0,0,0,0
685,60,156,0,0,0,0,0,0.00000000,0.00000000,0,0,-255,0,-255,0,0,0,0,0,0,0,0
686,60,155.5,0,0,0,0,0,0.00000000,0.00000000,0,0,-255,0,-255,0,0,0,0,0,0,0,0
687,60,155,0,0,0,0,0,0.00000000,0.00000000,0,0,-255,0,-255,0,0,0,0,0,0,0,0
688,60,154.5,0,0,0,0,0,0.00000000,0.00000000,0,0,-255,0,-255,0,0,0,0,0,0,0,0
689,60,154,0,0,0,0,0,0.00000000,0.00000000,0,0,-255,0,-255,0,0,0,0,0,0,0,0
690,60,153.5,0,0,0,0,0,0.00000000,0.00000000,0,0,-255,0,-255,0,0,0,0,0,0,0,0
691,60,153,0,0,0,0,0,0.00000000,0.00000000,0,0,-255,0,-255,0,0,0,0,0,0,0,0
692,30,152.5,0,0,0,0,0,0.00000000,0.00000000,0,0,-255,0,-255,0,0,0,0,0,0,0,0
693,0,152,0,0,0,0,0,0.00000000,0.00000000,0,0,-255,0,-255,0,0,0,0,0,0,0,0
694,0,151.667,0,0,0,0,0,0.00000000,0.00000000,0,0,-255,0,-255,0,0,0,0,0,0,0,0
695,0,151.333,0,0,0,0,0,0.00000000,0.00000000,0,0,-255,0,-255,0,0,0,0,0,0,0,0
696,0,151,0,0,0,0,0,0.00000000,0.00000000,0,0,-255,0,-255,0,0,0,0,0,0,0,0
697,0,150.667,0,0,0,0,0,0.00000000,0.00000000,0,0,-255,0,-255,0,0,0,0,0,0,0,0
698,0,150.333,0,0,0,0,0,0.00000000,0.00000000,0,0,-255,0,-255,0,0,0,0,0,0,0,0
699,0,150,0,0,0,0,0,0.00000000,0.00000000,0,0,-255,0,-255,0,0,0,0,0,0,0,0
700,10,149.833,0,0,0,0,0,0.00000000,0.00000000,0,0,-255,0,-255,0,0,0,0,0,0,0,0
701,20,149.667,0,0,0,0,0,0.00000000,0.00000000,0,0,-255,0,-255,0,0,0,0,0,0,0,0
702,30,149.5,0,0,0,0,0,0.00000000,0.00000000,0,0,-255,0,-255,0,0,0,0,0,0,0,0
703,40,149.333,0,0,0,0,0,0.00000000,0.00000000,0,0,-255,0,-255,0,0,0,0,0,0,0,0
704,50,149.167,0,0,0,0,0,0.00000000,0.00000000,0,0,-255,0,-255,0,0,0,0,0,0,0,0
705,60,149,0,0,0,0,0,0.00000000,0.00000000,0,0,-255,0,-255,0,0,0,0,0,0,0,0
706,60,148,0,0,0,0,0,0.00000000,0.00000000,0,0,-255,0,-255,0,0,0,0,0,0,0,0
707,30,147.5,0,0,0,0,0,0.00000000,0.00000000,0,0,-255,0,-255,0,0,0,0,0,0,0,0
708,0,147,0,0,0,0,0,0.00000000,0.00000000,0,0,-255,0,-255,0,0,0,0,0,0,0,0
709,0,146,0,0,0,0,0,0.00000000,0.00000000,0,0,-255,0,-255,0,0,0,0,0,0,0,0
710,1.42308,145.923,0,0,0,0,0,0.00000000,0.00000000,0,0,-255,0,-255,0,0,0,0,0,0,0,0
711,2.84615,145.846,0,0,0,0,0,0.00000000,0.00000000,0,0,-255,0,-255,0,0,0,0,0,0,0,0
712,4.26923,145.769,0,0,0,0,0,0.00000000,0.00000000,0,0,-255,0,-255,0,0,0,0,0,0,0,0
713,5.69231,145.692,0,0,0,0,0,0.00000000,0.00000000,0,0,-255,0,-255,0,0,0,0,0,0,0,0
714,7.11538,145.615,0,0,0,0,0,0.00000000,0.00000000,0,0,-255,0,-255,0,0,0,0,0,0,0,0
715,8.53846,145.538,0,0,0,0,0,0.00000000,0.00000000,0,0,-255,0,-255,0,0,0,0,0,0,0,0
716,9.96154,145.462,0,0,0,0,0,0.00000000,0.00000000,0,0,-255,0,-255,0,0,0,0,0,0,0,0
717,11.3846,145.385,0,0,0,0,0,0.00000000,0.00000000,0,0,-255,0,-255,0,0,0,0,0,0,0,0
718,12.8077,145.308,0,0,0,0,0,0.00000000,0.00000000,0,0,-255,0,-255,0,0,0,0,0,0,0,0
719,14.2308,145.231,0,0,0,0,0,0.00000000,0.00000000,0,0,-255,0,-255,0,0,0,0,0,0,0,0
720,15.6538,145.154,0,0,0,0,0,0.00000000,0.00000000,0,0,-255,0,-255,0,0,0,0,0,0,0,0
721,17.0769,145.077,0,0,0,0,0,0.00000000,0.00000000,0,0,-255,0,-255,0,0,0,0,0,0,0,0
722,18.5,145,0,0,0,0,0,0.00000000,0.00000000,0,0,-255,0,-255,0,0,0,0,0,0,0,0
723,12.3333,144.667,0,0,0,0,0,0.00000000,0.00000000,0,0,-255,0,-255,0,0,0,0,0,0,0,0
724,6.16667,144.333,0,0,0,0,0,0.00000000,0.00000000,0,0,-255,0,-255,0,0,0,0,0,0,0,0
725,0,144,0,0,0,0,0,0.00000000,0.00000000,0,0,-255,0,-255,0,0,0,0,0,0,0,0
726,0,143.857,0,0,0,0,0,0.00000000,0.00000000,0,0,-255,0,-255,0,0,0,0,0,0,0,0
727,0,143.714,0,0,0,0,0,0.00000000,0.00000000,0,0,-255,0,-255,0,0,0,0,0,0,0,0
728,0,143.571,0,0,0,0,0,0.00000000,0.00000000,0,0,-255,0,-255,0,0,0,0,0,0,0,0
729,0,143.429,0,0,0,0,0,0.00000000,0.00000000,0,0,-255,0,-255,0,0,0,0,0,0,0,0
730,0,143.286,0,0,0,0,0,0.00000000,0.00000000,0,0,-255,0,-255,0,0,0,0,0,0,0,0
731,0,143.143,0,0,0,0,0,0.00000000,0.00000000,0,0,-255,0,-255,0,0,0,0,0,0,0,0
732,0,143,0,0,0,0,0,0.00000000,0.00000000,0,0,-255,0,-255,0,0,0,0,0,0,0,0
733,0,142.667,0,0,0,0,0,0.00000000,0.00000000,0,0,-255,0,-255,0,0,0,0,0,0,0,0
734,0,142.333,0,0,0,0,0,0.00000000,0.00000000,0,0,-255,0,-255,0,0,0,0,0,0,0,0
735,0,142,0,0,0,0,0,0.00000000,0.00000000,0,0,-255,0,-255,0,0,0,0,0,0,0,0
736,0,141.5,0,0,0,0,0,0.00000000,0.00000000,0,0,-255,0,-255,0,0,0,0,0,0,0,0
737,0,141,0,0,0,0,0,0.00000000,0.00000000,0,0,-255,0,-255,0,0,0,0,0,0,0,0
738,0,141.2,0,0,0,0,0,0.00000000,0.00000000,0,0,-255,0,-255,0,0,0,0,0,0,0,0
739,0,141.4,0,0,0,0,0,0.00000000,0.00000000,0,0,-255,0,-255,0,0,0,0,0,0,0,0
740,0,141.6,0,0,0,0,0,0.00000000,0.00000000,0,0,-255,0,-255,0,0,0,0,0,0,0,0
741,0,141.8,0,0,0,0,0,0.00000000,0.00000000,0,0,-255,0,-255,0,0,0,0,0,0,0,0
742,0,142,0,0,0,0,0,0.00000000,0.00000000,0,0,-255,0,-255,0,0,0,0,0,0,0,0
743,0,142.5,0,0,0,0,0,0.00000000,0.00000000,0,0,-255,0,-255,0,0,0,0,0,0,0,0
744,0,143,0,0,0,0,0,0.00000000,0.00000000,0,0,-255,0,-255,0,0,0,0,0,0,0,0
745,0,142.8,0,0,0,0,0,0.00000000,0.00000000,0,0,-255,0,-255,0,0,0,0,0,0,0,0
746,0,142.6,0,0,0,0,0,0.00000000,0.00000000,0,0,-255,0,-255,0,0,0,0,0,0,0,0
747,0,142.4,0,0,0,0,0,0.00000000,0.00000000,0,0,-255,0,-255,0,0,0,0,0,0,0,0
748,0,142.2,0,0,0,0,0,0.00000000,0.00000000,0,0,-255,0,-255,0,0,0,0,0,0,0,0
749,0,142,0,0,0,0,0,0.00000000,0.00000000,0,0,-255,0,-255,0,0,0,0,0,0,0,0
750,0,141,0,0,0,0,0,0.00000000,0.00000000,0,0,-255,0,-255,0,0,0,0,0,0,0,0
751,0,140.5,0,0,0,0,0,0.00000000,0.00000000,0,0,-255,0,-255,0,0,0,0,0,0,0,0
752,0,140,0,0,0,0,0,0.00000000,0.00000000,0,0,-255,0,-255,0,0,0,0,0,0,0,0
753,0,139.75,0,0,0,0,0,0.00000000,0.00000000,0,0,-255,0,-255,0,0,0,0,0,0,0,0
754,0,139.5,0,0,0,0,0,0.00000000,0.00000000,0,0,-255,0,-255,0,0,0,0,0,0,0,0
755,0,139.25,0,0,0,0,0,0.00000000,0.00000000,0,0,-255,0,-255,0,0,0,0,0,0,0,0
756,0,139,0,0,0,0,0,0.00000000,0.00000000,0,0,-255,0,-255,0,0,0,0,0,0,0,0
757,0,138.75,0,0,0,0,0,0.00000000,0.00000000,0,0,-255,0,-255,0,0,0,0,0,0,0,0
758,0,138.5,0,0,0,0,0,0.00000000,0.00000000,0,0,-255,0,-255,0,0,0,0,0,0,0,0
759,0,138.25,0,0,0,0,0,0.00000000,0.00000000,0,0,-255,0,-255,0,0,0,0,0,0,0,0
760,0,138,0,0,0,0,0,0.00000000,0.00000000,0,0,-255,0,-255,0,0,0,0,0,0,0,0
761,0,137.667,0,0,0,0,0,0.00000000,0.00000000,0,0,-255,0,-255,0,0,0,0,0,0,0,0
762,0,137.333,0,0,0,0,0,0.00000000,0.00000000,0,0,-255,0,-255,0,0,0,0,0,0,0,0
763,0,137,0,0,0,0,0,0.00000000,0.00000000,0,0,-255,0,-255,0,0,0,0,0,0,0,0
764,0,136.5,0,0,0,0,0,0.00000000,0.00000000,0,0,-255,0,-255,0,0,0,0,0,0,0,0
765,0,136,0,0,0,0,0,0.00000000,0.00000000,0,0,-255,0,-255,0,0,0,0,0,0,0,0
766,0,135.5,0,0,0,0,0,0.00000000,0.00000000,0,0,-255,0,-255,0,0,0,0,0,0,0,0
767,0,135,0,0,0,0,0,0.00000000,0.00000000,0,0,-255,0,-255,0,0,0,0,0,0,0,0
768,0,134,0,0,0,0,0,0.00000000,0.00000000,0,0,-255,0,-255,0,0,0,0,0,0,0,0
769,0,133.667,0,0,0,0,0,0.00000000,0.00000000,0,0,-255,0,-255,0,0,0,0,0,0,0,0
770,0,133.333,0,0,0,0,0,0.00000000,0.00000000,0,0,-255,0,-255,0,0,0,0,0,0,0,0
771,0,133,0,0,0,0,0,0.00000000,0.00000000,0,0,-255,0,-255,0,0,0,0,0,0,0,0
772,0,132,0,0,0,0,0,0.00000000,0.00000000,0,0,-255,0,-255,0,0,0,0,0,0,0,0
773,0,131,0,0,0,0,0,0.00000000,0.00000000,0,0,-255,0,-255,0,0,0,0,0,0,0,0
774,0,130,0,0,0,0,0,0.00000000,0.00000000,0,0,-255,0,-255,0,0,0,0,0,0,0,0
775,0,129,0,0,0,0,0,0.00000000,0.00000000,0,0,-255,0,-255,0,0,0,0,0,0,0,0
776,0,128,0,0,0,0,0,0.00000000,0.00000000,0,0,-255,0,-255,0,0,0,0,0,0,0,0
777,0,127.889,0,0,0,0,0,0.00000000,0.00000000,0,0,-255,0,-255,0,0,0,0,0,0,0,0
778,0,127.778,0,0,0,0,0,0.00000000,0.00000000,0,0,-255,0,-255,0,0,0,0,0,0,0,0
779,0,127.667,0,0,0,0,0,0.00000000,0.00000000,0,0,-255,0,-255,0,0,0,0,0,0,0,0
780,0,127.556,0,0,0,0,0,0.00000000,0.00000000,0,0,-255,0,-255,0,0,0,0,0,0,0,0
781,0,127.444,0,0,0,0,0,0.00000000,0.00000000,0,0,-255,0,-255,0,0,0,0,0,0,0,0
782,0,127.333,0,0,0,0,0,0.00000000,0.00000000,0,0,-255,0,-255,0,0,0,0,0,0,0,0
783,0,127.222,0,0,0,0,0,0.00000000,0.00000000,0,0,-255,0,-255,0,0,0,0,0,0,0,0
784,0,127.111,0,0,0,0,0,0.00000000,0.00000000,0,0,-255,0,-255,0,0,0,0,0,0,0,0
785,0,127,0,0,0,0,0,0.00000000,0.00000000,0,0,-255,0,-255,0,0,0,0,0,0,0,0
786,0,126.5,0,0,0,0,0,0.00000000,0.00000000,0,0,-255,0,-255,0,0,0,0,0,0,0,0
787,0,126,0,0,0,0,0,0.00000000,0.00000000,0,0,-255,0,-255,0,0,0,0,0,0,0,0
788,0,125.5,0,0,0,0,0,0.00000000,0.00000000,0,0,-255,0,-255,0,0,0,0,0,0,0,0
789,0,125,0,0,0,0,0,0.00000000,0.00000000,0,0,-255,0,-255,0,0,0,0,0,0,0,0
790,0,124,0,0,0,0,0,0.00000000,0.00000000,0,0,-255,0,-255,0,0,0,0,0,0,0,0
791,0,123,0,0,0,0,0,0.00000000,0.00000000,0,0,-255,0,-255,0,0,0,0,0,0,0,0
792,0,122.5,0,0,0,0,0,0.00000000,0.00000000,0,0,-255,0,-255,0,0,0,0,0,0,0,0
793,0,122,0,0,0,0,0,0.00000000,0.00000000,0,0,-255,0,-255,0,0,0,0,0,0,0,0
794,0,121.667,0,0,0,0,0,0.00000000,0.00000000,0,0,-255,0,-255,0,0,0,0,0,0,0,0
795,0,121.333,0,0,0,0,0,0.00000000,0.00000000,0,0,-255,0,-255,0,0,0,0,0,0,0,0
796,0,121,0,0,0,0,0,0.00000000,0.00000000,0,0,-255,0,-255,0,0,0,0,0,0,0,0
797,0,120.8,0,0,0,0,0,0.00000000,0.00000000,0,0,-255,0,-255,0,0,0,0,0,0,0,0
798,0,120.6,0,0,0,0,0,0.00000000,0.00000000,0,0,-255,0,-255,0,0,0,0,0,0,0,0
799,0,120.4,0,0,0,0,0,0.00000000,0.00000000,0,0,-255,0,-255,0,0,0,0,0,0,0,0
800,0,120.2,0,0,0,0,0,0.00000000,0.00000000,0,0,-255,0,-255,0,0,0,0,0,0,0,0
801,0,120,0,0,0,0,0,0.00000000,0.00000000,0,0,-255,0,-255,0,0,0,0,0,0,0,0
802,0,119.5,0,0,0,0,0,0.00000000,0.00000000,0,0,-255,0,-255,0,0,0,0,0,0,0,0
803,0,119,0,0,0,0,0,0.00000000,0.00000000,0,0,-255,0,-255,0,0,0,0,0,0,0,0
804,0,116,0,0,0,0,0,0.00000000,0.00000000,0,0,-255,0,-255,0,0,0,0,0,0,0,0
805,0,117,0,0,0,0,0,0.00000000,0.00000000,0,0,-255,0,-255,0,0,0,0,0,0,0,0
806,0,117.5,0,0,0,0,0,0.00000000,0.00000000,0,0,-255,0,-255,0,0,0,0,0,0,0,0
807,0,118,0,0,0,0,0,0.00000000,0.00000000,0,0,-255,0,-255,0,0,0,0,0,0,0,0
808,0,118.75,0,0,0,0,0,0.00000000,0.00000000,0,0,-255,0,-255,0,0,0,0,0,0,0,0
809,0,119.5,0,0,0,0,0,0.00000000,0.00000000,0,0,-255,0,-255,0,0,0,0,0,0,0,0
810,0,120.25,0,0,0,0,0,0.00000000,0.00000000,0,0,-255,0,-255,0,0,0,0,0,0,0,0
811,0,121,0,0,0,0,0,0.00000000,0.00000000,0,0,-255,0,-255,0,0,0,0,0,0,0,0
812,0,123,0,0,0,0,0,0.00000000,0.00000000,0,0,-255,0,-255,0,0,0,0,0,0,0,0
813,0,123.5,0,0,0,0,0,0.00000000,0.00000000,0,0,-255,0,-255,0,0,0,0,0,0,0,0
814,0,124,0,0,0,0,0,0.00000000,0.00000000,0,0,-255,0,-255,0,0,0,0,0,0,0,0
815,0,127,0,0,0,0,0,0.00000000,0.00000000,0,0,-255,0,-255,0,0,0,0,0,0,0,0
816,0,126,0,0,0,0,0,0.00000000,0.00000000,0,0,-255,0,-255,0,0,0,0,0,0,0,0
817,0,125.667,0,0,0,0,0,0.00000000,0.00000000,0,0,-255,0,-255,0,0,0,0,0,0,0,0
818,0,125.333,0,0,0,0,0,0.00000000,0.00000000,0,0,-255,0,-255,0,0,0,0,0,0,0,0
819,0,125,0,0,0,0,0,0.00000000,0.00000000,0,0,-255,0,-255,0,0,0,0,0,0,0,0
820,0,123,0,0,0,0,0,0.00000000,0.00000000,0,0,-255,0,-255,0,0,0,0,0,0,0,0
821,0,122.5,0,0,0,0,0,0.00000000,0.00000000,0,0,-255,0,-255,0,0,0,0,0,0,0,0
822,0,122,0,0,0,0,0,0.00000000,0.00000000,0,0,-255,0,-255,0,0,0,0,0,0,0,0
823,0,121,0,0,0,0,0,0.00000000,0.00000000,0,0,-255,0,-255,0,0,0,0,0,0,0,0
824,0,119,0,0,0,0,0,0.00000000,0.00000000,0,0,-255,0,-255,0,0,0,0,0,0,0,0
825,0,115,0,0,0,0,0,0.00000000,0.00000000,0,0,-255,0,-255,0,0,0,0,0,0,0,0
826,0,110,0,0,0,0,0,0.00000000,0.00000000,0,0,-255,0,-255,0,0,0,0,0,0,0,0
827,0,105,0,0,0,0,0,0.00000000,0.00000000,0,0,-255,0,-255,0,0,0,0,0,0,0,0
828,0,101,0,0,0,0,0,0.00000000,0.00000000,0,0,-255,0,-255,0,0,0,0,0,0,0,0
829,0,96,0,0,0,0,0,0.00000000,0.00000000,0,0,-255,0,-255,0,0,0,0,0,0,0,0
830,0,92,0,0,0,0,0,0.00000000,0.00000000,0,0,-255,0,-255,0,0,0,0,0,0,0,0
831,0,84,0,0,0,0,0,0.00000000,0.00000000,0,0,-255,0,-255,0,0,0,0,0,0,0,0
832,0,79,0,0,0,0,0,0.00000000,0.00000000,0,0,-255,0,-255,0,0,0,0,0,0,0,0
833,0,75,0,0,0,0,0,0.00000000,0.00000000,0,0,-255,0,-255,0,0,0,0,0,0,0,0
834,0,71,0,0,0,0,0,0.00000000,0.00000000,0,0,-255,0,-255,0,0,0,0,0,0,0,0
835,0,66,0,0,0,0,0,0.00000000,0.00000000,0,0,-255,0,-255,0,0,0,0,0,0,0,0
836,0,67,0,0,0,0,0,0.00000000,0.00000000,0,0,-255,0,-255,0,0,0,0,0,0,0,0
837,0,69,0,0,0,0,0,0.00000000,0.00000000,0,0,-255,0,-255,0,0,0,0,0,0,0,0
838,0,68.75,0,0,0,0,0,0.00000000,0.00000000,0,0,-255,0,-255,0,0,0,0,0,0,0,0
839,0,68.5,0,0,0,0,0,0.00000000,0.00000000,0,0,-255,0,-255,0,0,0,0,0,0,0,0
840,0,68.25,0,0,0,0,0,0.00000000,0.00000000,0,0,-255,0,-255,0,0,0,0,0,0,0,0
841,0,68,0,0,0,0,0,0.00000000,0.00000000,0,0,-255,0,-255,0,0,0,0,0,0,0,0
842,0,67,0,0,0,0,0,0.00000000,0.00000000,0,0,-255,0,-255,0,0,0,0,0,0,0,0
843,0,66.6667,0,0,0,0,0,0.00000000,0.00000000,0,0,-255,0,-255,0,0,0,0,0,0,0,0
844,0,66.3333,0,0,0,0,0,0.00000000,0.00000000,0,0,-255,0,-255,0,0,0,0,0,0,0,0
845,0,66,0,0,0,0,0,0.00000000,0.00000000,0,0,-255,0,-255,0,0,0,0,0,0,0,0
846,0,65.6667,0,0,0,0,0,0.00000000,0.00000000,0,0,-255,0,-255,0,0,0,0,0,0,0,0
847,0,65.3333,0,0,0,0,0,0.00000000,0.00000000,0,0,-255,0,-255,0,0,0,0,0,0,0,0
848,0,65,0,0,0,0,0,0.00000000,0.00000000,0,0,-255,0,-255,0,0,0,0,0,0,0,0
849,0,64.6667,0,0,0,0,0,0.00000000,0.00000000,0,0,-255,0,-255,0,0,0,0,0,0,0,0
850,0,64.3333,0,0,0,0,0,0.00000000,0.00000000,0,0,-255,0,-255,0,0,0,0,0,0,0,0
851,0,64,0,0,0,0,0,0.00000000,0.00000000,0,0,-255,0,-255,0,0,0,0,0,0,0,0
852,0,63,0,0,0,0,0,0.00000000,0.00000000,0,0,-255,0,-255,0,0,0,0,0,0,0,0
853,0,62,0,0,0,0,0,0.00000000,0.00000000,0,0,-255,0,-255,0,0,0,0,0,0,0,0
854,0,63,0,0,0,0,0,0.00000000,0.00000000,0,0,-255,0,-255,0,0,0,0,0,0,0,0
855,0,64,0,0,0,0,0,0.00000000,0.00000000,0,0,-255,0,-255,0,0,0,0,0,0,0,0
856,0,64.5,0,0,0,0,0,0.00000000,0.00000000,0,0,-255,0,-255,0,0,0,0,0,0,0,0
857,0,65,0,0,0,0,0,0.00000000,0.00000000,0,0,-255,0,-255,0,0,0,0,0,0,0,0
858,0,65.0833,0,0,0,0,0,0.00000000,0.00000000,0,0,-255,0,-255,0,0,0,0,0,0,0,0
859,0,65.1667,0,0,0,0,0,0.00000000,0.00000000,0,0,-255,0,-255,0,0,0,0,0,0,0,0
860,0,65.25,0,0,0,0,0,0.00000000,0.00000000,0,0,-255,0,-255,0,0,0,0,0,0,0,0
861,0,65.3333,0,0,0,0,0,0.00000000,0.00000000,0,0,-255,0,-255,0,0,0,0,0,0,0,0
862,0,65.4167,0,0,0,0,0,0.00000000,0.00000000,0,0,-255,0,-255,0,0,0,0,0,0,0,0
863,0,65.5,0,0,0,0,0,0.00000000,0.00000000,0,0,-255,0,-255,0,0,0,0,0,0,0,0
864,0,65.5833,0,0,0,0,0,0.00000000,0.00000000,0,0,-255,0,-255,0,0,0,0,0,0,0,0
865,0,65.6667,0,0,0,0,0,0.00000000,0.00000000,0,0,-255,0,-255,0,0,0,0,0,0,0,0
866,0,65.75,0,0,0,0,0,0.00000000,0.00000000,0,0,-255,0,-255,0,0,0,0,0,0,0,0
867,0,65.8333,0,0,0,0,0,0.00000000,0.00000000,0,0,-255,0,-255,0,0,0,0,0,0,0,0
868,0,65.9167,0,0,0,0,0,0.00000000,0.00000000,0,0,-255,0,-255,0,0,0,0,0,0,0,0
869,0,66,0,0,0,0,0,0.00000000,0.00000000,0,0,-255,0,-255,0,0,0,0,0,0,0,0
870,0,65.875,0,0,0,0,0,0.00000000,0.00000000,0,0,-255,0,-255,0,0,0,0,0,0,0,0
871,0,65.75,0,0,0,0,0,0.00000000,0.00000000,0,0,-255,0,-255,0,0,0,0,0,0,0,0
872,0,65.625,0,0,0,0,0,0.00000000,0.00000000,0,0,-255,0,-255,0,0,0,0,0,0,0,0
873,0,65.5,0,0,0,0,0,0.00000000,0.00000000,0,0,-255,0,-255,0,0,0,0,0,0,0,0
874,0,65.375,0,0,0,0,0,0.00000000,0.00000000,0,0,-255,0,-255,0,0,0,0,0,0,0,0
875,0,65.25,0,0,0,0,0,0.00000000,0.00000000,0,0,-255,0,-255,0,0,0,0,0,0,0,0
876,0,65.125,0,0,0,0,0,0.00000000,0.00000000,0,0,-255,0,-255,0,0,0,0,0,0,0,0
877,0,65,0,0,0,0,0,0.00000000,0.00000000,0,0,-255,0,-255,0,0,0,0,0,0,0,0
878,0,64,0,0,0,0,0,0.00000000,0.00000000,0,0,-255,0,-255,0,0,0,0,0,0,0,0
879,0,63.6667,0,0,0,0,0,0.00000000,0.00000000,0,0,-255,0,-255,0,0,0,0,0,0,0,0
880,0,63.3333,0,0,0,0,0,0.00000000,0.00000000,0,0,-255,0,-255,0,0,0,0,0,0,0,0
881,0,63,0,0,0,0,0,0.00000000,0.00000000,0,0,-255,0,-255,0,0,0,0,0,0,0,0
882,0,63.3333,0,0,0,0,0,0.00000000,0.00000000,0,0,-255,0,-255,0,0,0,0,0,0,0,0
883,0,63.6667,0,0,0,0,0,0.00000000,0.00000000,0,0,-255,0,-255,0,0,0,0,0,0,0,0
884,0,64,0,0,0,0,0,0.00000000,0.00000000,0,0,-255,0,-255,0,0,0,0,0,0,0,0
885,0,64.5,0,0,0,0,0,0.00000000,0.00000000,0,0,-255,0,-255,0,0,0,0,0,0,0,0
886,0,65,0,0,0,0,0,0.00000000,0.00000000,0,0,-255,0,-255,0,0,0,0,0,0,0,0
887,0,65.25,0,0,0,0,0,0.00000000,0.00000000,0,0,-255,0,-255,0,0,0,0,0,0,0,0
888,0,65.5,0,0,0,0,0,0.00000000,0.00000000,0,0,-255,0,-255,0,0,0,0,0,0,0,0
889,0,65.75,0,0,0,0,0,0.00000000,0.00000000,0,0,-255,0,-255,0,0,0,0,0,0,0,0
890,0,66,0,0,0,0,0,0.00000000,0.00000000,0,0,-255,0,-255,0,0,0,0,0,0,0,0
891,0,66.5,0,0,0,0,0,0.00000000,0.00000000,0,0,-255,0,-255,0,0,0,0,0,0,0,0
892,0,67,0,0,0,0,0,0.00000000,0.00000000,0,0,-255,0,-255,0,0,0,0,0,0,0,0
893,0,68,0,0,0,0,0,0.00000000,0.00000000,0,0,-255,0,-255,0,0,0,0,0,0,0,0
894,0,68.3333,0,0,0,0,0,0.00000000,0.00000000,0,0,-255,0,-255,0,0,0,0,0,0,0,0
895,0,68.6667,0,0,0,0,0,0.00000000,0.00000000,0,0,-255,0,-255,0,0,0,0,0,0,0,0
896,0,69,0,0,0,0,0,0.00000000,0.00000000,0,0,-255,0,-255,0,0,0,0,0,0,0,0
897,0,69.2,0,0,0,0,0,0.00000000,0.00000000,0,0,-255,0,-255,0,0,0,0,0,0,0,0
898,0,69.4,0,0,0,0,0,0.00000000,0.00000000,0,0,-255,0,-255,0,0,0,0,0,0,0,0
899,0,69.6,0,0,0,0,0,0.00000000,0.00000000,0,0,-255,0,-255,0,0,0,0,0,0,0,0
900,0,69.8,0,0,0,0,0,0.00000000,0.00000000,0,0,-255,0,-255,0,0,0,0,0,0,0,0
901,0,70,0,0,0,0,0,0.00000000,0.00000000,0,0,-255,0,-255,0,0,0,0,0,0,0,0
902,0,69.8889,0,0,0,0,0,0.00000000,0.00000000,0,0,-255,0,-255,0,0,0,0,0,0,0,0
903,0,69.7778,0,0,0,0,0,0.00000000,0.00000000,0,0,-255,0,-255,0,0,0,0,0,0,0,0
904,0,69.6667,0,0,0,0,0,0.00000000,0.00000000,0,0,-255,0,-255,0,0,0,0,0,0,0,0
905,0,69.5556,0,0,0,0,0,0.00000000,0.00000000,0,0,-255,0,-255,0,0,0,0,0,0,0,0
906,0,69.4444,0,0,0,0,0,0.00000000,0.00000000,0,0,-255,0,-255,0,0,0,0,0,0,0,0
907,0,69.3333,0,0,0,0,0,0.00000000,0.00000000,0,0,-255,0,-255,0,0,0,0,0,0,0,0
908,0,69.2222,0,0,0,0,0,0.00000000,0.00000000,0,0,-255,0,-255,0,0,0,0,0,0,0,0
909,0,69.1111,0,0,0,0,0,0.00000000,0.00000000,0,0,-255,0,-255,0,0,0,0,0,0,0,0
910,0,69,0,0,0,0,0,0.00000000,0.00000000,0,0,-255,0,-255,0,0,0,0,0,0,0,0
911,0,68,0,0,0,0,0,0.00000000,0.00000000,0,0,-255,0,-255,0,0,0,0,0,0,0,0
912,0,67.5,0,0,0,0,0,0.00000000,0.00000000,0,0,-255,0,-255,0,0,0,0,0,0,0,0
913,0,67,0,0,0,0,0,0.00000000,0.00000000,0,0,-255,0,-255,0,0,0,0,0,0,0,0
914,0,67.0714,0,0,0,0,0,0.00000000,0.00000000,0,0,-255,0,-255,0,0,0,0,0,0,0,0
915,0,67.1429,0,0,0,0,0,0.00000000,0.00000000,0,0,-255,0,-255,0,0,0,0,0,0,0,0
916,0,67.2143,0,0,0,0,0,0.00000000,0.00000000,0,0,-255,0,-255,0,0,0,0,0,0,0,0
917,0,67.2857,0,0,0,0,0,0.00000000,0.00000000,0,0,-255,0,-255,0,0,0,0,0,0,0,0
918,0,67.3571,0,0,0,0,0,0.00000000,0.00000000,0,0,-255,0,-255,0,0,0,0,0,0,0,0
919,0,67.4286,0,0,0,0,0,0.00000000,0.00000000,0,0,-255,0,-255,0,0,0,0,0,0,0,0
920,0,67.5,0,0,0,0,0,0.00000000,0.00000000,0,0,-255,0,-255,0,0,0,0,0,0,0,0
921,0,67.5714,0,0,0,0,0,0.00000000,0.00000000,0,0,-255,0,-255,0,0,0,0,0,0,0,0
922,0,67.6429,0,0,0,0,0,0.00000000,0.00000000,0,0,-255,0,-255,0,0,0,0,0,0,0,0
923,0,67.7143,0,0,0,0,0,0.00000000,0.00000000,0,0,-255,0,-255,0,0,0,0,0,0,0,0
924,0,67.7857,0,0,0,0,0,0.00000000,0.00000000,0,0,-255,0,-255,0,0,0,0,0,0,0,0
925,0,67.8571,0,0,0,0,0,0.00000000,0.00000000,0,0,-255,0,-255,0,0,0,0,0,0,0,0
926,0,67.9286,0,0,0,0,0,0.00000000,0.00000000,0,0,-255,0,-255,0,0,0,0,0,0,0,0
927,0,68,0,0,0,0,0,0.00000000,0.00000000,0,0,-255,0,-255,0,0,0,0,0,0,0,0
928,0,68.5,0,0,0,0,0,0.00000000,0.00000000,0,0,-255,0,-255,0,0,0,0,0,0,0,0
929,0,69,0,0,0,0,0,0.00000000,0.00000000,0,0,-255,0,-255,0,0,0,0,0,0,0,0
930,0,69.25,0,0,0,0,0,0.00000000,0.00000000,0,0,-255,0,-255,0,0,0,0,0,0,0,0
931,0,69.5,0,0,0,0,0,0.00000000,0.00000000,0,0,-255,0,-255,0,0,0,0,0,0,0,0
932,0,69.75,0,0,0,0,0,0.00000000,0.00000000,0,0,-255,0,-255,0,0,0,0,0,0,0,0
933,0,70,0,0,0,0,0,0.00000000,0.00000000,0,0,-255,0,-255,0,0,0,0,0,0,0,0
934,0,70.3333,0,0,0,0,0,0.00000000,0.00000000,0,0,-255,0,-255,0,0,0,0,0,0,0,0
935,0,70.6667,0,0,0,0,0,0.00000000,0.00000000,0,0,-255,0,-255,0,0,0,0,0,0,0,0
936,0,71,0,0,0,0,0,0.00000000,0.00000000,0,0,-255,0,-255,0,0,0,0,0,0,0,0
937,0,70.6875,0,0,0,0,0,0.00000000,0.00000000,0,0,-255,0,-255,0,0,0,0,0,0,0,0
938,0,70.375,0,0,0,0,0,0.00000000,0.00000000,0,0,-255,0,-255,0,0,0,0,0,0,0,0
939,0,70.0625,0,0,0,0,0,0.00000000,0.00000000,0,0,-255,0,-255,0,0,0,0,0,0,0,0
940,0,69.75,0,0,0,0,0,0.00000000,0.00000000,0,0,-255,0,-255,0,0,0,0,0,0,0,0
941,0,69.4375,0,0,0,0,0,0.00000000,0.00000000,0,0,-255,0,-255,0,0,0,0,0,0,0,0
942,0,69.125,0,0,0,0,0,0.00000000,0.00000000,0,0,-255,0,-255,0,0,0,0,0,0,0,0
943,0,68.8125,0,0,0,0,0,0.00000000,0.00000000,0,0,-255,0,-255,0,0,0,0,0,0,0,0
944,0,68.5,0,0,0,0,0,0.00000000,0.00000000,0,0,-255,0,-255,0,0,0,0,0,0,0,0
945,0,68.1875,0,0,0,0,0,0.00000000,0.00000000,0,0,-255,0,-255,0,0,0,0,0,0,0,0
946,0,67.875,0,0,0,0,0,0.00000000,0.00000000,0,0,-255,0,-255,0,0,0,0,0,0,0,0
947,0,67.5625,0,0,0,0,0,0.00000000,0.00000000,0,0,-255,0,-255,0,0,0,0,0,0,0,0
948,0,67.25,0,0,0,0,0,0.00000000,0.00000000,0,0,-255,0,-255,0,0,0,0,0,0,0,0
949,0,66.9375,0,0,0,0,0,0.00000000,0.00000000,0,0,-255,0,-255,0,0,0,0,0,0,0,0
950,0,66.625,0,0,0,0,0,0.00000000,0.00000000,0,0,-255,0,-255,0,0,0,0,0,0,0,0
951,0,66.3125,0,0,0,0,0,0.00000000,0.00000000,0,0,-255,0,-255,0,0,0,0,0,0,0,0
952,0,66,0,0,0,0,0,0.00000000,0.00000000,0,0,-255,0,-255,0,0,0,0,0,0,0,0
953,0,65,0,0,0,0,0,0.00000000,0.00000000,0,0,-255,0,-255,0,0,0,0,0,0,0,0
954,0,66,0,0,0,0,0,0.00000000,0.00000000,0,0,-255,0,-255,0,0,0,0,0,0,0,0
955,0,67,0,0,0,0,0,0.00000000,0.00000000,0,0,-255,0,-255,0,0,0,0,0,0,0,0
956,0,68,0,0,0,0,0,0.00000000,0.00000000,0,0,-255,0,-255,0,0,0,0,0,0,0,0
957,0,68.0909,0,0,0,0,0,0.00000000,0.00000000,0,0,-255,0,-255,0,0,0,0,0,0,0,0
958,0,68.1818,0,0,0,0,0,0.00000000,0.00000000,0,0,-255,0,-255,0,0,0,0,0,0,0,0
959,0,68.2727,0,0,0,0,0,0.00000000,0.00000000,0,0,-255,0,-255,0,0,0,0,0,0,0,0
960,0,68.3636,0,0,0,0,0,0.00000000,0.00000000,0,0,-255,0,-255,0,0,0,0,0,0,0,0
961,0,68.4545,0,0,0,0,0,0.00000000,0.00000000,0,0,-255,0,-255,0,0,0,0,0,0,0,0
962,0,68.5455,0,0,0,0,0,0.00000000,0.00000000,0,0,-255,0,-255,0,0,0,0,0,0,0,0
963,0,68.6364,0,0,0,0,0,0.00000000,0.00000000,0,0,-255,0,-255,0,0,0,0,0,0,0,0
964,0,68.7273,0,0,0,0,0,0.00000000,0.00000000,0,0,-255,0,-255,0,0,0,0,0,0,0,0
965,0,68.8182,0,0,0,0,0,0.00000000,0.00000000,0,0,-255,0,-255,0,0,0,0,0,0,0,0
966,0,68.9091,0,0,0,0,0,0.00000000,0.00000000,0,0,-255,0,-255,0,0,0,0,0,0,0,0
967,0,69,0,0,0,0,0,0.00000000,0.00000000,0,0,-255,0,-255,0,0,0,0,0,0,0,0
968,0,69.375,0,0,0,0,0,0.00000000,0.00000000,0,0,-255,0,-255,0,0,0,0,0,0,0,0
969,0,69.75,0,0,0,0,0,0.00000000,0.00000000,0,0,-255,0,-255,0,0,0,0,0,0,0,0
970,0,70.125,0,0,0,0,0,0.00000000,0.00000000,0,0,-255,0,-255,0,0,0,0,0,0,0,0
971,0,70.5,0,0,0,0,0,0.00000000,0.00000000,0,0,-255,0,-255,0,0,0,0,0,0,0,0
972,0,70.875,0,0,0,0,0,0.00000000,0.00000000,0,0,-255,0,-255,0,0,0,0,0,0,0,0
973,0,71.25,0,0,0,0,0,0.00000000,0.00000000,0,0,-255,0,-255,0,0,0,0,0,0,0,0
974,0,71.625,0,0,0,0,0,0.00000000,0.00000000,0,0,-255,0,-255,0,0,0,0,0,0,0,0
975,0,72,0,0,0,0,0,0.00000000,0.00000000,0,0,-255,0,-255,0,0,0,0,0,0,0,0
976,0,73,0,0,0,0,0,0.00000000,0.00000000,0,0,-255,0,-255,0,0,0,0,0,0,0,0
977,0,72.6667,0,0,0,0,0,0.00000000,0.00000000,0,0,-255,0,-255,0,0,0,0,0,0,0,0
978,0,72.3333,0,0,0,0,0,0.00000000,0.00000000,0,0,-255,0,-255,0,0,0,0,0,0,0,0
979,0,72,0,0,0,0,0,0.00000000,0.00000000,0,0,-255,0,-255,0,0,0,0,0,0,0,0
980,0,71.8,0,0,0,0,0,0.00000000,0.00000000,0,0,-255,0,-255,0,0,0,0,0,0,0,0
981,0,71.6,0,0,0,0,0,0.00000000,0.00000000,0,0,-255,0,-255,0,0,0,0,0,0,0,0
982,0,71.4,0,0,0,0,0,0.00000000,0.00000000,0,0,-255,0,-255,0,0,0,0,0,0,0,0
983,0,71.2,0,0,0,0,0,0.00000000,0.00000000,0,0,-255,0,-255,0,0,0,0,0,0,0,0
984,0,71,0,0,0,0,0,0.00000000,0.00000000,0,0,-255,0,-255,0,0,0,0,0,0,0,0
985,0,70,0,0,0,0,0,0.00000000,0.00000000,0,0,-255,0,-255,0,0,0,0,0,0,0,0
986,0,69,0,0,0,0,0,0.00000000,0.00000000,0,0,-255,0,-255,0,0,0,0,0,0,0,0
987,0,70,0,0,0,0,0,0.00000000,0.00000000,0,0,-255,0,-255,0,0,0,0,0,0,0,0
988,0,70.5,0,0,0,0,0,0.00000000,0.00000000,0,0,-255,0,-255,0,0,0,0,0,0,0,0
989,0,71,0,0,0,0,0,0.00000000,0.00000000,0,0,-255,0,-255,0,0,0,0,0,0,0,0
990,0,71.1667,0,0,0,0,0,0.00000000,0.00000000,0,0,-255,0,-255,0,0,0,0,0,0,0,0
991,0,71.3333,0,0,0,0,0,0.00000000,0.00000000,0,0,-255,0,-255,0,0,0,0,0,0,0,0
992,0,71.5,0,0,0,0,0,0.00000000,0.00000000,0,0,-255,0,-255,0,0,0,0,0,0,0,0
993,0,71.6667,0,0,0,0,0,0.00000000,0.00000000,0,0,-255,0,-255,0,0,0,0,0,0,0,0
994,0,71.8333,0,0,0,0,0,0.00000000,0.00000000,0,0,-255,0,-255,0,0,0,0,0,0,0,0
995,0,72,0,0,0,0,0,0.00000000,0.00000000,0,0,-255,0,-255,0,0,0,0,0,0,0,0
996,0,73,0,0,0,0,0,0.00000000,0.00000000,0,0,-255,0,-255,0,0,0,0,0,0,0,0
997,0,72.6667,0,0,0,0,0,0.00000000,0.00000000,0,0,-255,0,-255,0,0,0,0,0,0,0,0
998,0,72.3333,0,0,0,0,0,0.00000000,0.00000000,0,0,-255,0,-255,0,0,0,0,0,0,0,0
999,0,72,0,0,0,0,0,0.00000000,0.00000000,0,0,-255,0,-255,0,0,0,0,0,0,0,0
1000,0,71.5,0,0,0,0,0,0.00000000,0.00000000,0,0,-255,0,-255,0,0,0,0,0,0,0,0
1001,0,71,0,0,0,0,0,0.00000000,0.00000000,0,0,-255,0,-255,0,0,0,0,0,0,0,0
1002,0,70.5714,0,0,0,0,0,0.00000000,0.00000000,0,0,-255,0,-255,0,0,0,0,0,0,0,0
1003,0,70.1429,0,0,0,0,0,0.00000000,0.00000000,0,0,-255,0,-255,0,0,0,0,0,0,0,0
1004,0,69.7143,0,0,0,0,0,0.00000000,0.00000000,0,0,-255,0,-255,0,0,0,0,0,0,0,0
1005,0,69.2857,0,0,0,0,0,0.00000000,0.00000000,0,0,-255,0,-255,0,0,0,0,0,0,0,0
1006,0,68.8571,0,0,0,0,0,0.00000000,0.00000000,0,0,-255,0,-255,0,0,0,0,0,0,0,0
1007,0,68.4286,0,0,0,0,0,0.00000000,0.00000000,0,0,-255,0,-255,0,0,0,0,0,0,0,0
1008,0,68,0,0,0,0,0,0.00000000,0.00000000,0,0,-255,0,-255,0,0,0,0,0,0,0,0
1009,0,67,0,0,0,0,0,0.00000000,0.00000000,0,0,-255,0,-255,0,0,0,0,0,0,0,0
1010,0,67.3333,0,0,0,0,0,0.00000000,0.00000000,0,0,-255,0,-255,0,0,0,0,0,0,0,0
1011,0,67.6667,0,0,0,0,0,0.00000000,0.00000000,0,0,-255,0,-255,0,0,0,0,0,0,0,0
1012,0,68,0,0,0,0,0,0.00000000,0.00000000,0,0,-255,0,-255,0,0,0,0,0,0,0,0
1013,0,69,0,0,0,0,0,0.00000000,0.00000000,0,0,-255,0,-255,0,0,0,0,0,0,0,0
1014,0,70,0,0,0,0,0,0.00000000,0.00000000,0,0,-255,0,-255,0,0,0,0,0,0,0,0
1015,0,70.1429,0,0,0,0,0,0.00000000,0.00000000,0,0,-255,0,-255,0,0,0,0,0,0,0,0
1016,0,70.2857,0,0,0,0,0,0.00000000,0.00000000,0,0,-255,0,-255,0,0,0,0,0,0,0,0
1017,0,70.4286,0,0,0,0,0,0.00000000,0.00000000,0,0,-255,0,-255,0,0,0,0,0,0,0,0
1018,0,70.5714,0,0,0,0,0,0.00000000,0.00000000,0,0,-255,0,-255,0,0,0,0,0,0,0,0
1019,0,70.7143,0,0,0,0,0,0.00000000,0.00000000,0,0,-255,0,-255,0,0,0,0,0,0,0,0
1020,0,70.8571,0,0,0,0,0,0.00000000,0.00000000,0,0,-255,0,-255,0,0,0,0,0,0,0,0
1021,0,71,0,0,0,0,0,0.00000000,0.00000000,0,0,-255,0,-255,0,0,0,0,0,0,0,0
1022,0,71.5,0,0,0,0,0,0.00000000,0.00000000,0,0,-255,0,-255,0,0,0,0,0,0,0,0
1023,0,72,0,0,0,0,0,0.00000000,0.00000000,0,0,-255,0,-255,0,0,0,0,0,0,0,0
1024,0,73,0,0,0,0,0,0.00000000,0.00000000,0,0,-255,0,-255,0,0,0,0,0,0,0,0
1025,0,72.7778,0,0,0,0,0,0.00000000,0.00000000,0,0,-255,0,-255,0,0,0,0,0,0,0,0
1026,0,72.5556,0,0,0,0,0,0.00000000,0.00000000,0,0,-255,0,-255,0,0,0,0,0,0,0,0
1027,0,72.3333,0,0,0,0,0,0.00000000,0.00000000,0,0,-255,0,-255,0,0,0,0,0,0,0,0
1028,0,72.1111,0,0,0,0,0,0.00000000,0.00000000,0,0,-255,0,-255,0,0,0,0,0,0,0,0
1029,0,71.8889,0,0,0,0,0,0.00000000,0.00000000,0,0,-255,0,-255,0,0,0,0,0,0,0,0
1030,0,71.6667,0,0,0,0,0,0.00000000,0.00000000,0,0,-255,0,-255,0,0,0,0,0,0,0,0
1031,0,71.4444,0,0,0,0,0,0.00000000,0.00000000,0,0,-255,0,-255,0,0,0,0,0,0,0,0
1032,0,71.2222,0,0,0,0,0,0.00000000,0.00000000,0,0,-255,0,-255,0,0,0,0,0,0,0,0
1033,0,71,0,0,0,0,0,0.00000000,0.00000000,0,0,-255,0,-255,0,0,0,0,0,0,0,0
1034,0,70.6667,0,0,0,0,0,0.00000000,0.00000000,0,0,-255,0,-255,0,0,0,0,0,0,0,0
1035,0,70.3333,0,0,0,0,0,0.00000000,0.00000000,0,0,-255,0,-255,0,0,0,0,0,0,0,0
1036,0,70,0,0,0,0,0,0.00000000,0.00000000,0,0,-255,0,-255,0,0,0,0,0,0,0,0
1037,0,70.5,0,0,0,0,0,0.00000000,0.00000000,0,0,-255,0,-255,0,0,0,0,0,0,0,0
1038,0,71,0,0,0,0,0,0.00000000,0.00000000,0,0,-255,0,-255,0,0,0,0,0,0,0,0
1039,0,72,0,0,0,0,0,0.00000000,0.00000000,0,0,-255,0,-255,0,0,0,0,0,0,0,0
1040,0,73,0,0,0,0,0,0.00000000,0.00000000,0,0,-255,0,-255,0,0,0,0,0,0,0,0
1041,0,74,0,0,0,0,0,0.00000000,0.00000000,0,0,-255,0,-255,0,0,0,0,0,0,0,0
1042,0,74.3333,0,0,0,0,0,0.00000000,0.00000000,0,0,-255,0,-255,0,0,0,0,0,0,0,0
1043,0,74.6667,0,0,0,0,0,0.00000000,0.00000000,0,0,-255,0,-255,0,0,0,0,0,0,0,0
1044,0,75,0,0,0,0,0,0.00000000,0.00000000,0,0,-255,0,-255,0,0,0,0,0,0,0,0
1045,0,76,0,0,0,0,0,0.00000000,0.00000000,0,0,-255,0,-255,0,0,0,0,0,0,0,0
1046,0,76.5,0,0,0,0,0,0.00000000,0.00000000,0,0,-255,0,-255,0,0,0,0,0,0,0,0
1047,0,77,0,0,0,0,0,0.00000000,0.00000000,0,0,-255,0,-255,0,0,0,0,0,0,0,0
1048,0,76.8571,0,0,0,0,0,0.00000000,0.00000000,0,0,-255,0,-255,0,0,0,0,0,0,0,0
1049,0,76.7143,0,0,0,0,0,0.00000000,0.00000000,0,0,-255,0,-255,0,0,0,0,0,0,0,0
1050,0,76.5714,0,0,0,0,0,0.00000000,0.00000000,0,0,-255,0,-255,0,0,0,0,0,0,0,0
1051,0,76.4286,0,0,0,0,0,0.00000000,0.00000000,0,0,-255,0,-255,0,0,0,0,0,0,0,0
1052,0,76.2857,0,0,0,0,0,0.00000000,0.00000000,0,0,-255,0,-255,0,0,0,0,0,0,0,0
1053,0,76.1429,0,0,0,0,0,0.00000000,0.00000000,0,0,-255,0,-255,0,0,0,0,0,0,0,0
1054,0,76,0,0,0,0,0,0.00000000,0.00000000,0,0,-255,0,-255,0,0,0,0,0,0,0,0
1088,0,75,0,0,0,0,0,0.00000000,0.00000000,0,0,-255,0,-255,0,0,0,0,0,0,0,0
1089,0,74.6667,0,0,0,0,0,0.00000000,0.00000000,0,0,-255,0,-255,0,0,0,0,0,0,0,0
1090,0,74.3333,0,0,0,0,0,0.00000000,0.00000000,0,0,-255,0,-255,0,0,0,0,0,0,0,0
1091,0,74,0,0,0,0,0,0.00000000,0.00000000,0,0,-255,0,-255,0,0,0,0,0,0,0,0
1092,0,76,0,0,0,0,0,0.00000000,0.00000000,0,0,-255,0,-255,0,0,0,0,0,0,0,0
1093,0,75.8,0,0,0,0,0,0.00000000,0.00000000,0,0,-255,0,-255,0,0,0,0,0,0,0,0
1094,0,75.6,0,0,0,0,0,0.00000000,0.00000000,0,0,-255,0,-255,0,0,0,0,0,0,0,0
1095,0,75.4,0,0,0,0,0,0.00000000,0.00000000,0,0,-255,0,-255,0,0,0,0,0,0,0,0
1096,0,75.2,0,0,0,0,0,0.00000000,0.00000000,0,0,-255,0,-255,0,0,0,0,0,0,0,0
1097,0,75,0,0,0,0,0,0.00000000,0.00000000,0,0,-255,0,-255,0,0,0,0,0,0,0,0
1098,0,75.5,0,0,0,0,0,0.00000000,0.00000000,0,0,-255,0,-255,0,0,0,0,0,0,0,0
1099,0,76,0,0,0,0,0,0.00000000,0.00000000,0,0,-255,0,-255,0,0,0,0,0,0,0,0
1100,0,75.75,0,0,0,0,0,0.00000000,0.00000000,0,0,-255,0,-255,0,0,0,0,0,0,0,0
1101,0,75.5,0,0,0,0,0,0.00000000,0.00000000,0,0,-255,0,-255,0,0,0,0,0,0,0,0
1102,0,75.25,0,0,0,0,0,0.00000000,0.00000000,0,0,-255,0,-255,0,0,0,0,0,0,0,0
1103,0,75,0,0,0,0,0,0.00000000,0.00000000,0,0,-255,0,-255,0,0,0,0,0,0,0,0
1104,0,75.5,0,0,0,0,0,0.00000000,0.00000000,0,0,-255,0,-255,0,0,0,0,0,0,0,0
1105,0,76,0,0,0,0,0,0.00000000,0.00000000,0,0,-255,0,-255,0,0,0,0,0,0,0,0
1106,0,76.125,0,0,0,0,0,0.00000000,0.00000000,0,0,-255,0,-255,0,0,0,0,0,0,0,0
1107,0,76.25,0,0,0,0,0,0.00000000,0.00000000,0,0,-255,0,-255,0,0,0,0,0,0,0,0
1108,0,76.375,0,0,0,0,0,0.00000000,0.00000000,0,0,-255,0,-255,0,0,0,0,0,0,0,0
1109,0,76.5,0,0,0,0,0,0.00000000,0.00000000,0,0,-255,0,-255,0,0,0,0,0,0,0,0
1110,0,76.625,0,0,0,0,0,0.00000000,0.00000000,0,0,-255,0,-255,0,0,0,0,0,0,0,0
1111,0,76.75,0,0,0,0,0,0.00000000,0.00000000,0,0,-255,0,-255,0,0,0,0,0,0,0,0
1112,0,76.875,0,0,0,0,0,0.00000000,0.00000000,0,0,-255,0,-255,0,0,0,0,0,0,0,0
1113,0,77,0,0,0,0,0,0.00000000,0.00000000,0,0,-255,0,-255,0,0,0,0,0,0,0,0
1114,0,77.25,0,0,0,0,0,0.00000000,0.00000000,0,0,-255,0,-255,0,0,0,0,0,0,0,0
1115,0,77.5,0,0,0,0,0,0.00000000,0.00000000,0,0,-255,0,-255,0,0,0,0,0,0,0,0
1116,0,77.75,0,0,0,0,0,0.00000000,0.00000000,0,0,-255,0,-255,0,0,0,0,0,0,0,0
1117,0,78,0,0,0,0,0,0.00000000,0.00000000,0,0,-255,0,-255,0,0,0,0,0,0,0,0
1118,0,79,0,0,0,0,0,0.00000000,0.00000000,0,0,-255,0,-255,0,0,0,0,0,0,0,0
1119,0,80,0,0,0,0,0,0.00000000,0.00000000,0,0,-255,0,-255,0,0,0,0,0,0,0,0
1120,0,81,0,0,0,0,0,0.00000000,0.00000000,0,0,-255,0,-255,0,0,0,0,0,0,0,0
1121,0,82,0,0,0,0,0,0.00000000,0.00000000,0,0,-255,0,-255,0,0,0,0,0,0,0,0
1122,0,83,0,0,0,0,0,0.00000000,0.00000000,0,0,-255,0,-255,0,0,0,0,0,0,0,0
1123,0,84,0,0,0,0,0,0.00000000,0.00000000,0,0,-255,0,-255,0,0,0,0,0,0,0,0
1124,0,85,0,0,0,0,0,0.00000000,0.00000000,0,0,-255,0,-255,0,0,0,0,0,0,0,0
1125,0,84.5,0,0,0,0,0,0.00000000,0.00000000,0,0,-255,0,-255,0,0,0,0,0,0,0,0
1126,0,84,0,0,0,0,0,0.00000000,0.00000000,0,0,-255,0,-255,0,0,0,0,0,0,0,0
1127,0,86,0,0,0,0,0,0.00000000,0.00000000,0,0,-255,0,-255,0,0,0,0,0,0,0,0
1128,0,86.5,0,0,0,0,0,0.00000000,0.00000000,0,0,-255,0,-255,0,0,0,0,0,0,0,0
1129,0,87,0,0,0,0,0,0.00000000,0.00000000,0,0,-255,0,-255,0,0,0,0,0,0,0,0
1130,0,87.1429,0,0,0,0,0,0.00000000,0.00000000,0,0,-255,0,-255,0,0,0,0,0,0,0,0
1131,0,87.2857,0,0,0,0,0,0.00000000,0.00000000,0,0,-255,0,-255,0,0,0,0,0,0,0,0
1132,0,87.4286,0,0,0,0,0,0.00000000,0.00000000,0,0,-255,0,-255,0,0,0,0,0,0,0,0
1133,0,87.5714,0,0,0,0,0,0.00000000,0.00000000,0,0,-255,0,-255,0,0,0,0,0,0,0,0
1134,0,87.7143,0,0,0,0,0,0.00000000,0.00000000,0,0,-255,0,-255,0,0,0,0,0,0,0,0
1135,0,87.8571,0,0,0,0,0,0.00000000,0.00000000,0,0,-255,0,-255,0,0,0,0,0,0,0,0
1136,0,88,0,0,0,0,0,0.00000000,0.00000000,0,0,-255,0,-255,0,0,0,0,0,0,0,0
1137,0,87.75,0,0,0,0,0,0.00000000,0.00000000,0,0,-255,0,-255,0,0,0,0,0,0,0,0
1138,0,87.5,0,0,0,0,0,0.00000000,0.00000000,0,0,-255,0,-255,0,0,0,0,0,0,0,0
1139,0,87.25,0,0,0,0,0,0.00000000,0.00000000,0,0,-255,0,-255,0,0,0,0,0,0,0,0
1140,0,87,0,0,0,0,0,0.00000000,0.00000000,0,0,-255,0,-255,0,0,0,0,0,0,0,0
1141,0,86,0,0,0,0,0,0.00000000,0.00000000,0,0,-255,0,-255,0,0,0,0,0,0,0,0
1142,0,85,0,0,0,0,0,0.00000000,0.00000000,0,0,-255,0,-255,0,0,0,0,0,0,0,0
1143,0,84,0,0,0,0,0,0.00000000,0.00000000,0,0,-255,0,-255,0,0,0,0,0,0,0,0
1144,0,83,0,0,0,0,0,0.00000000,0.00000000,0,0,-255,0,-255,0,0,0,0,0,0,0,0
1145,0,79,0,0,0,0,0,0.00000000,0.00000000,0,0,-255,0,-255,0,0,0,0,0,0,0,0
1146,0,79,0,0,0,0,0,0.00000000,0.00000000,0,0,-255,0,-255,0,0,0,0,0,0,0,0
1147,0,78.6667,0,0,0,0,0,0.00000000,0.00000000,0,0,-255,0,-255,0,0,0,0,0,0,0,0
1148,0,78.3333,0,0,0,0,0,0.00000000,0.00000000,0,0,-255,0,-255,0,0,0,0,0,0,0,0
1149,0,78,0,0,0,0,0,0.00000000,0.00000000,0,0,-255,0,-255,0,0,0,0,0,0,0,0
1150,0,77,0,0,0,0,0,0.00000000,0.00000000,0,0,-255,0,-255,0,0,0,0,0,0,0,0
1151,0,77.2222,0,0,0,0,0,0.00000000,0.00000000,0,0,-255,0,-255,0,0,0,0,0,0,0,0
1152,0,77.4444,0,0,0,0,0,0.00000000,0.00000000,0,0,-255,0,-255,0,0,0,0,0,0,0,0
1153,0,77.6667,0,0,0,0,0,0.00000000,0.00000000,0,0,-255,0,-255,0,0,0,0,0,0,0,0
1154,0,77.8889,0,0,0,0,0,0.00000000,0.00000000,0,0,-255,0,-255,0,0,0,0,0,0,0,0
1155,0,78.1111,0,0,0,0,0,0.00000000,0.00000000,0,0,-255,0,-255,0,0,0,0,0,0,0,0
1156,0,78.3333,0,0,0,0,0,0.00000000,0.00000000,0,0,-255,0,-255,0,0,0,0,0,0,0,0
1157,0,78.5556,0,0,0,0,0,0.00000000,0.00000000,0,0,-255,0,-255,0,0,0,0,0,0,0,0
1158,0,78.7778,0,0,0,0,0,0.00000000,0.00000000,0,0,-255,0,-255,0,0,0,0,0,0,0,0
1159,0,79,0,0,0,0,0,0.00000000,0.00000000,0,0,-255,0,-255,0,0,0,0,0,0,0,0
1160,0,80,0,0,0,0,0,0.00000000,0.00000000,0,0,-255,0,-255,0,0,0,0,0,0,0,0
1161,0,82,0,0,0,0,0,0.00000000,0.00000000,0,0,-255,0,-255,0,0,0,0,0,0,0,0
1162,0,82.5,0,0,0,0,0,0.00000000,0.00000000,0,0,-255,0,-255,0,0,0,0,0,0,0,0
1163,0,83,0,0,0,0,0,0.00000000,0.00000000,0,0,-255,0,-255,0,0,0,0,0,0,0,0
1164,0,83.5,0,0,0,0,0,0.00000000,0.00000000,0,0,-255,0,-255,0,0,0,0,0,0,0,0
1165,0,84,0,0,0,0,0,0.00000000,0.00000000,0,0,-255,0,-255,0,0,0,0,0,0,0,0
1166,0,84.5,0,0,0,0,0,0.00000000,0.00000000,0,0,-255,0,-255,0,0,0,0,0,0,0,0
1167,0,85,0,0,0,0,0,0.00000000,0.00000000,0,0,-255,0,-255,0,0,0,0,0,0,0,0
1168,0,86,0,0,0,0,0,0.00000000,0.00000000,0,0,-255,0,-255,0,0,0,0,0,0,0,0
1169,0,87,0,0,0,0,0,0.00000000,0.00000000,0,0,-255,0,-255,0,0,0,0,0,0,0,0
1170,0,87.3333,0,0,0,0,0,0.00000000,0.00000000,0,0,-255,0,-255,0,0,0,0,0,0,0,0
1171,0,87.6667,0,0,0,0,0,0.00000000,0.00000000,0,0,-255,0,-255,0,0,0,0,0,0,0,0
1172,0,88,0,0,0,0,0,0.00000000,0.00000000,0,0,-255,0,-255,0,0,0,0,0,0,0,0
1173,0,87.8333,0,0,0,0,0,0.00000000,0.00000000,0,0,-255,0,-255,0,0,0,0,0,0,0,0
1174,0,87.6667,0,0,0,0,0,0.00000000,0.00000000,0,0,-255,0,-255,0,0,0,0,0,0,0,0
1175,0,87.5,0,0,0,0,0,0.00000000,0.00000000,0,0,-255,0,-255,0,0,0,0,0,0,0,0
1176,0,87.3333,0,0,0,0,0,0.00000000,0.00000000,0,0,-255,0,-255,0,0,0,0,0,0,0,0
1177,0,87.1667,0,0,0,0,0,0.00000000,0.00000000,0,0,-255,0,-255,0,0,0,0,0,0,0,0
1178,0,87,0,0,0,0,0,0.00000000,0.00000000,0,0,-255,0,-255,0,0,0,0,0,0,0,0
1179,0,86.5,0,0,0,0,0,0.00000000,0.00000000,0,0,-255,0,-255,0,0,0,0,0,0,0,0
1180,0,86,0,0,0,0,0,0.00000000,0.00000000,0,0,-255,0,-255,0,0,0,0,0,0,0,0
1181,0,85,0,0,0,0,0,0.00000000,0.00000000,0,0,-255,0,-255,0,0,0,0,0,0,0,0
1182,0,85.25,0,0,0,0,0,0.00000000,0.00000000,0,0,-255,0,-255,0,0,0,0,0,0,0,0
1183,0,85.5,0,0,0,0,0,0.00000000,0.00000000,0,0,-255,0,-255,0,0,0,0,0,0,0,0
1184,0,85.75,0,0,0,0,0,0.00000000,0.00000000,0,0,-255,0,-255,0,0,0,0,0,0,0,0
1185,0,86,0,0,0,0,0,0.00000000,0.00000000,0,0,-255,0,-255,0,0,0,0,0,0,0,0
1186,0,86.5,0,0,0,0,0,0.00000000,0.00000000,0,0,-255,0,-255,0,0,0,0,0,0,0,0
1187,0,87,0,0,0,0,0,0.00000000,0.00000000,0,0,-255,0,-255,0,0,0,0,0,0,0,0
1188,0,88,0,0,0,0,0,0.00000000,0.00000000,0,0,-255,0,-255,0,0,0,0,0,0,0,0
1189,0,88.3333,0,0,0,0,0,0.00000000,0.00000000,0,0,-255,0,-255,0,0,0,0,0,0,0,0
1190,0,88.6667,0,0,0,0,0,0.00000000,0.00000000,0,0,-255,0,-255,0,0,0,0,0,0,0,0
1191,0,89,0,0,0,0,0,0.00000000,0.00000000,0,0,-255,0,-255,0,0,0,0,0,0,0,0
1192,0,88,0,0,0,0,0,0.00000000,0.00000000,0,0,-255,0,-255,0,0,0,0,0,0,0,0
1193,0,87.8333,0,0,0,0,0,0.00000000,0.00000000,0,0,-255,0,-255,0,0,0,0,0,0,0,0
1194,0,87.6667,0,0,0,0,0,0.00000000,0.00000000,0,0,-255,0,-255,0,0,0,0,0,0,0,0
1195,0,87.5,0,0,0,0,0,0.00000000,0.00000000,0,0,-255,0,-255,0,0,0,0,0,0,0,0
1196,0,87.3333,0,0,0,0,0,0.00000000,0.00000000,0,0,-255,0,-255,0,0,0,0,0,0,0,0
1197,0,87.1667,0,0,0,0,0,0.00000000,0.00000000,0,0,-255,0,-255,0,0,0,0,0,0,0,0
1198,0,87,0,0,0,0,0,0.00000000,0.00000000,0,0,-255,0,-255,0,0,0,0,0,0,0,0
1199,0,86.75,0,0,0,0,0,0.00000000,0.00000000,0,0,-255,0,-255,0,0,0,0,0,0,0,0
1200,0,86.5,0,0,0,0,0,0.00000000,0.00000000,0,0,-255,0,-255,0,0,0,0,0,0,0,0
1201,0,86.25,0,0,0,0,0,0.00000000,0.00000000,0,0,-255,0,-255,0,0,0,0,0,0,0,0
1202,0,86,0,0,0,0,0,0.00000000,0.00000000,0,0,-255,0,-255,0,0,0,0,0,0,0,0
1203,0,85.5,0,0,0,0,0,0.00000000,0.00000000,0,0,-255,0,-255,0,0,0,0,0,0,0,0
1204,0,85,0,0,0,0,0,0.00000000,0.00000000,0,0,-255,0,-255,0,0,0,0,0,0,0,0
1205,0,84.6667,0,0,0,0,0,0.00000000,0.00000000,0,0,-255,0,-255,0,0,0,0,0,0,0,0
1206,0,84.3333,0,0,0,0,0,0.00000000,0.00000000,0,0,-255,0,-255,0,0,0,0,0,0,0,0
1207,0,84,0,0,0,0,0,0.00000000,0.00000000,0,0,-255,0,-255,0,0,0,0,0,0,0,0
1208,0,83,0,0,0,0,0,0.00000000,0.00000000,0,0,-255,0,-255,0,0,0,0,0,0,0,0
1209,0,82.6667,0,0,0,0,0,0.00000000,0.00000000,0,0,-255,0,-255,0,0,0,0,0,0,0,0
1210,0,82.3333,0,0,0,0,0,0.00000000,0.00000000,0,0,-255,0,-255,0,0,0,0,0,0,0,0
1211,0,82,0,0,0,0,0,0.00000000,0.00000000,0,0,-255,0,-255,0,0,0,0,0,0,0,0
1212,0,81.5,0,0,0,0,0,0.00000000,0.00000000,0,0,-255,0,-255,0,0,0,0,0,0,0,0
1213,0,81,0,0,0,0,0,0.00000000,0.00000000,0,0,-255,0,-255,0,0,0,0,0,0,0,0
1214,0,81.3333,0,0,0,0,0,0.00000000,0.00000000,0,0,-255,0,-255,0,0,0,0,0,0,0,0
1215,0,81.6667,0,0,0,0,0,0.00000000,0.00000000,0,0,-255,0,-255,0,0,0,0,0,0,0,0
1216,0,82,0,0,0,0,0,0.00000000,0.00000000,0,0,-255,0,-255,0,0,0,0,0,0,0,0
1217,0,83,0,0,0,0,0,0.00000000,0.00000000,0,0,-255,0,-255,0,0,0,0,0,0,0,0
1218,0,84,0,0,0,0,0,0.00000000,0.00000000,0,0,-255,0,-255,0,0,0,0,0,0,0,0
1219,0,83,0,0,0,0,0,0.00000000,0.00000000,0,0,-255,0,-255,0,0,0,0,0,0,0,0
1220,0,82,0,0,0,0,0,0.00000000,0.00000000,0,0,-255,0,-255,0,0,0,0,0,0,0,0
1221,0,82.25,0,0,0,0,0,0.00000000,0.00000000,0,0,-255,0,-255,0,0,0,0,0,0,0,0
1222,0,82.5,0,0,0,0,0,0.00000000,0.00000000,0,0,-255,0,-255,0,0,0,0,0,0,0,0
1223,0,82.75,0,0,0,0,0,0.00000000,0.00000000,0,0,-255,0,-255,0,0,0,0,0,0,0,0
1224,0,83,0,0,0,0,0,0.00000000,0.00000000,0,0,-255,0,-255,0,0,0,0,0,0,0,0
1225,0,84,0,0,0,0,0,0.00000000,0.00000000,0,0,-255,0,-255,0,0,0,0,0,0,0,0
1226,0,84.25,0,0,0,0,0,0.00000000,0.00000000,0,0,-255,0,-255,0,0,0,0,0,0,0,0
1227,0,84.5,0,0,0,0,0,0.00000000,0.00000000,0,0,-255,0,-255,0,0,0,0,0,0,0,0
1228,0,84.75,0,0,0,0,0,0.00000000,0.00000000,0,0,-255,0,-255,0,0,0,0,0,0,0,0
1229,0,85,0,0,0,0,0,0.00000000,0.00000000,0,0,-255,0,-255,0,0,0,0,0,0,0,0
1230,0,86,0,0,0,0,0,0.00000000,0.00000000,0,0,-255,0,-255,0,0,0,0,0,0,0,0
1231,0,87,0,0,0,0,0,0.00000000,0.00000000,0,0,-255,0,-255,0,0,0,0,0,0,0,0
1232,0,88,0,0,0,0,0,0.00000000,0.00000000,0,0,-255,0,-255,0,0,0,0,0,0,0,0
1233,0,88.5,0,0,0,0,0,0.00000000,0.00000000,0,0,-255,0,-255,0,0,0,0,0,0,0,0
1234,0,89,0,0,0,0,0,0.00000000,0.00000000,0,0,-255,0,-255,0,0,0,0,0,0,0,0
1235,0,90,0,0,0,0,0,0.00000000,0.00000000,0,0,-255,0,-255,0,0,0,0,0,0,0,0
1236,0,91,0,0,0,0,0,0.00000000,0.00000000,0,0,-255,0,-255,0,0,0,0,0,0,0,0
1237,0,92,0,0,0,0,0,0.00000000,0.00000000,0,0,-255,0,-255,0,0,0,0,0,0,0,0
1238,0,92.5,0,0,0,0,0,0.00000000,0.00000000,0,0,-255,0,-255,0,0,0,0,0,0,0,0
1239,0,93,0,0,0,0,0,0.00000000,0.00000000,0,0,-255,0,-255,0,0,0,0,0,0,0,0
1240,0,92.5,0,0,0,0,0,0.00000000,0.00000000,0,0,-255,0,-255,0,0,0,0,0,0,0,0
1241,0,92,0,0,0,0,0,0.00000000,0.00000000,0,0,-255,0,-255,0,0,0,0,0,0,0,0
1242,0,92.5,0,0,0,0,0,0.00000000,0.00000000,0,0,-255,0,-255,0,0,0,0,0,0,0,0
1243,0,93,0,0,0,0,0,0.00000000,0.00000000,0,0,-255,0,-255,0,0,0,0,0,0,0,0
1244,0,92,0,0,0,0,0,0.00000000,0.00000000,0,0,-255,0,-255,0,0,0,0,0,0,0,0
1245,0,91.5,0,0,0,0,0,0.00000000,0.00000000,0,0,-255,0,-255,0,0,0,0,0,0,0,0
1246,0,91,0,0,0,0,0,0.00000000,0.00000000,0,0,-255,0,-255,0,0,0,0,0,0,0,0
1247,0,90,0,0,0,0,0,0.00000000,0.00000000,0,0,-255,0,-255,0,0,0,0,0,0,0,0
1248,0,89,0,0,0,0,0,0.00000000,0.00000000,0,0,-255,0,-255,0,0,0,0,0,0,0,0
1249,0,88,0,0,0,0,0,0.00000000,0.00000000,0,0,-255,0,-255,0,0,0,0,0,0,0,0
1250,0,87,0,0,0,0,0,0.00000000,0.00000000,0,0,-255,0,-255,0,0,0,0,0,0,0,0
1251,0,86,0,0,0,0,0,0.00000000,0.00000000,0,0,-255,0,-255,0,0,0,0,0,0,0,0
1252,0,86.25,0,0,0,0,0,0.00000000,0.00000000,0,0,-255,0,-255,0,0,0,0,0,0,0,0
1253,0,86.5,0,0,0,0,0,0.00000000,0.00000000,0,0,-255,0,-255,0,0,0,0,0,0,0,0
1254,0,86.75,0,0,0,0,0,0.00000000,0.00000000,0,0,-255,0,-255,0,0,0,0,0,0,0,0
1255,0,87,0,0,0,0,0,0.00000000,0.00000000,0,0,-255,0,-255,0,0,0,0,0,0,0,0
1256,0,88,0,0,0,0,0,0.00000000,0.00000000,0,0,-255,0,-255,0,0,0,0,0,0,0,0
1257,0,89,0,0,0,0,0,0.00000000,0.00000000,0,0,-255,0,-255,0,0,0,0,0,0,0,0
1258,0,90,0,0,0,0,0,0.00000000,0.00000000,0,0,-255,0,-255,0,0,0,0,0,0,0,0
1259,0,89.6667,0,0,0,0,0,0.00000000,0.00000000,0,0,-255,0,-255,0,0,0,0,0,0,0,0
1260,0,89.3333,0,0,0,0,0,0.00000000,0.00000000,0,0,-255,0,-255,0,0,0,0,0,0,0,0
1261,0,89,0,0,0,0,0,0.00000000,0.00000000,0,0,-255,0,-255,0,0,0,0,0,0,0,0
1262,0,88.8,0,0,0,0,0,0.00000000,0.00000000,0,0,-255,0,-255,0,0,0,0,0,0,0,0
1263,0,88.6,0,0,0,0,0,0.00000000,0.00000000,0,0,-255,0,-255,0,0,0,0,0,0,0,0
1264,0,88.4,0,0,0,0,0,0.00000000,0.00000000,0,0,-255,0,-255,0,0,0,0,0,0,0,0
1265,0,88.2,0,0,0,0,0,0.00000000,0.00000000,0,0,-255,0,-255,0,0,0,0,0,0,0,0
1266,0,88,0,0,0,0,0,0.00000000,0.00000000,0,0,-255,0,-255,0,0,0,0,0,0,0,0
1267,0,87.75,0,0,0,0,0,0.00000000,0.00000000,0,0,-255,0,-255,0,0,0,0,0,0,0,0
1268,0,87.5,0,0,0,0,0,0.00000000,0.00000000,0,0,-255,0,-255,0,0,0,0,0,0,0,0
1269,0,87.25,0,0,0,0,0,0.00000000,0.00000000,0,0,-255,0,-255,0,0,0,0,0,0,0,0
1270,0,87,0,0,0,0,0,0.00000000,0.00000000,0,0,-255,0,-255,0,0,0,0,0,0,0,0
1271,0,84,0,0,0,0,0,0.00000000,0.00000000,0,0,-255,0,-255,0,0,0,0,0,0,0,0
1272,0,81,0,0,0,0,0,0.00000000,0.00000000,0,0,-255,0,-255,0,0,0,0,0,0,0,0
1273,0,81,0,0,0,0,0,0.00000000,0.00000000,0,0,-255,0,-255,0,0,0,0,0,0,0,0
1274,0,80,0,0,0,0,0,0.00000000,0.00000000,0,0,-255,0,-255,0,0,0,0,0,0,0,0
1275,0,80.5,0,0,0,0,0,0.00000000,0.00000000,0,0,-255,0,-255,0,0,0,0,0,0,0,0
1276,0,81,0,0,0,0,0,0.00000000,0.00000000,0,0,-255,0,-255,0,0,0,0,0,0,0,0
1277,0,81.25,0,0,0,0,0,0.00000000,0.00000000,0,0,-255,0,-255,0,0,0,0,0,0,0,0
1278,0,81.5,0,0,0,0,0,0.00000000,0.00000000,0,0,-255,0,-255,0,0,0,0,0,0,0,0
1279,0,81.75,0,0,0,0,0,0.00000000,0.00000000,0,0,-255,0,-255,0,0,0,0,0,0,0,0
1280,0,82,0,0,0,0,0,0.00000000,0.00000000,0,0,-255,0,-255,0,0,0,0,0,0,0,0
1281,0,82.3333,0,0,0,0,0,0.00000000,0.00000000,0,0,-255,0,-255,0,0,0,0,0,0,0,0
1282,0,82.6667,0,0,0,0,0,0.00000000,0.00000000,0,0,-255,0,-255,0,0,0,0,0,0,0,0
1283,0,83,0,0,0,0,0,0.00000000,0.00000000,0,0,-255,0,-255,0,0,0,0,0,0,0,0
1284,0,86,0,0,0,0,0,0.00000000,0.00000000,0,0,-255,0,-255,0,0,0,0,0,0,0,0
1285,0,89,0,0,0,0,0,0.00000000,0.00000000,0,0,-255,0,-255,0,0,0,0,0,0,0,0
1286,0,89,0,0,0,0,0,0.00000000,0.00000000,0,0,-255,0,-255,0,0,0,0,0,0,0,0
1287,0,88.75,0,0,0,0,0,0.00000000,0.00000000,0,0,-255,0,-255,0,0,0,0,0,0,0,0
1288,0,88.5,0,0,0,0,0,0.00000000,0.00000000,0,0,-255,0,-255,0,0,0,0,0,0,0,0
1289,0,88.25,0,0,0,0,0,0.00000000,0.00000000,0,0,-255,0,-255,0,0,0,0,0,0,0,0
1290,0,88,0,0,0,0,0,0.00000000,0.00000000,0,0,-255,0,-255,0,0,0,0,0,0,0,0
1291,0,88.5,0,0,0,0,0,0.00000000,0.00000000,0,0,-255,0,-255,0,0,0,0,0,0,0,0
1292,0,89,0,0,0,0,0,0.00000000,0.00000000,0,0,-255,0,-255,0,0,0,0,0,0,0,0
1293,0,90,0,0,0,0,0,0.00000000,0.00000000,0,0,-255,0,-255,0,0,0,0,0,0,0,0
1294,0,89.5,0,0,0,0,0,0.00000000,0.00000000,0,0,-255,0,-255,0,0,0,0,0,0,0,0
1295,0,89,0,0,0,0,0,0.00000000,0.00000000,0,0,-255,0,-255,0,0,0,0,0,0,0,0
1296,0,88,0,0,0,0,0,0.00000000,0.00000000,0,0,-255,0,-255,0,0,0,0,0,0,0,0
1297,0,87,0,0,0,0,0,0.00000000,0.00000000,0,0,-255,0,-255,0,0,0,0,0,0,0,0
1298,0,84,0,0,0,0,0,0.00000000,0.00000000,0,0,-255,0,-255,0,0,0,0,0,0,0,0
1299,0,83,0,0,0,0,0,0.00000000,0.00000000,0,0,-255,0,-255,0,0,0,0,0,0,0,0
1300,0,82,0,0,0,0,0,0.00000000,0.00000000,0,0,-255,0,-255,0,0,0,0,0,0,0,0
1301,0,81.5,0,0,0,0,0,0.00000000,0.00000000,0,0,-255,0,-255,0,0,0,0,0,0,0,0
1302,0,81,0,0,0,0,0,0.00000000,0.00000000,0,0,-255,0,-255,0,0,0,0,0,0,0,0
1303,0,81.2,0,0,0,0,0,0.00000000,0.00000000,0,0,-255,0,-255,0,0,0,0,0,0,0,0
1304,0,81.4,0,0,0,0,0,0.00000000,0.00000000,0,0,-255,0,-255,0,0,0,0,0,0,0,0
1305,0,81.6,0,0,0,0,0,0.00000000,0.00000000,0,0,-255,0,-255,0,0,0,0,0,0,0,0
1306,0,81.8,0,0,0,0,0,0.00000000,0.00000000,0,0,-255,0,-255,0,0,0,0,0,0,0,0
1307,0,82,0,0,0,0,0,0.00000000,0.00000000,0,0,-255,0,-255,0,0,0,0,0,0,0,0
1308,0,82.2,0,0,0,0,0,0.00000000,0.00000000,0,0,-255,0,-255,0,0,0,0,0,0,0,0
1309,0,82.4,0,0,0,0,0,0.00000000,0.00000000,0,0,-255,0,-255,0,0,0,0,0,0,0,0
1310,0,82.6,0,0,0,0,0,0.00000000,0.00000000,0,0,-255,0,-255,0,0,0,0,0,0,0,0
1311,0,82.8,0,0,0,0,0,0.00000000,0.00000000,0,0,-255,0,-255,0,0,0,0,0,0,0,0
1312,0,83,0,0,0,0,0,0.00000000,0.00000000,0,0,-255,0,-255,0,0,0,0,0,0,0,0
1313,0,83.5,0,0,0,0,0,0.00000000,0.00000000,0,0,-255,0,-255,0,0,0,0,0,0,0,0
1314,0,84,0,0,0,0,0,0.00000000,0.00000000,0,0,-255,0,-255,0,0,0,0,0,0,0,0
1315,0,85,0,0,0,0,0,0.00000000,0.00000000,0,0,-255,0,-255,0,0,0,0,0,0,0,0
1316,0,85.3333,0,0,0,0,0,0.00000000,0.00000000,0,0,-255,0,-255,0,0,0,0,0,0,0,0
1317,0,85.6667,0,0,0,0,0,0.00000000,0.00000000,0,0,-255,0,-255,0,0,0,0,0,0,0,0
1318,0,86,0,0,0,0,0,0.00000000,0.00000000,0,0,-255,0,-255,0,0,0,0,0,0,0,0
1319,0,85.5,0,0,0,0,0,0.00000000,0.00000000,0,0,-255,0,-255,0,0,0,0,0,0,0,0
1320,0,85,0,0,0,0,0,0.00000000,0.00000000,0,0,-255,0,-255,0,0,0,0,0,0,0,0
1321,0,84.75,0,0,0,0,0,0.00000000,0.00000000,0,0,-255,0,-255,0,0,0,0,0,0,0,0
1322,0,84.5,0,0,0,0,0,0.00000000,0.00000000,0,0,-255,0,-255,0,0,0,0,0,0,0,0
1323,0,84.25,0,0,0,0,0,0.00000000,0.00000000,0,0,-255,0,-255,0,0,0,0,0,0,0,0
1324,0,84,0,0,0,0,0,0.00000000,0.00000000,0,0,-255,0,-255,0,0,0,0,0,0,0,0
1325,0,83.75,0,0,0,0,0,0.00000000,0.00000000,0,0,-255,0,-255,0,0,0,0,0,0,0,0
1326,0,83.5,0,0,0,0,0,0.00000000,0.00000000,0,0,-255,0,-255,0,0,0,0,0,0,0,0
1327,0,83.25,0,0,0,0,0,0.00000000,0.00000000,0,0,-255,0,-255,0,0,0,0,0,0,0,0
1328,0,83,0,0,0,0,0,0.00000000,0.00000000,0,0,-255,0,-255,0,0,0,0,0,0,0,0
1329,0,82,0,0,0,0,0,0.00000000,0.00000000,0,0,-255,0,-255,0,0,0,0,0,0,0,0
1330,0,81.5,0,0,0,0,0,0.00000000,0.00000000,0,0,-255,0,-255,0,0,0,0,0,0,0,0
1331,0,81,0,0,0,0,0,0.00000000,0.00000000,0,0,-255,0,-255,0,0,0,0,0,0,0,0
1332,0,82,0,0,0,0,0,0.00000000,0.00000000,0,0,-255,0,-255,0,0,0,0,0,0,0,0
1333,0,81.75,0,0,0,0,0,0.00000000,0.00000000,0,0,-255,0,-255,0,0,0,0,0,0,0,0
1334,0,81.5,0,0,0,0,0,0.00000000,0.00000000,0,0,-255,0,-255,0,0,0,0,0,0,0,0
1335,0,81.25,0,0,0,0,0,0.00000000,0.00000000,0,0,-255,0,-255,0,0,0,0,0,0,0,0
1336,0,81,0,0,0,0,0,0.00000000,0.00000000,0,0,-255,0,-255,0,0,0,0,0,0,0,0
1337,0,80.5,0,0,0,0,0,0.00000000,0.00000000,0,0,-255,0,-255,0,0,0,0,0,0,0,0
1338,0,80,0,0,0,0,0,0.00000000,0.00000000,0,0,-255,0,-255,0,0,0,0,0,0,0,0
1339,0,79.5,0,0,0,0,0,0.00000000,0.00000000,0,0,-255,0,-255,0,0,0,0,0,0,0,0
1340,0,79,0,0,0,0,0,0.00000000,0.00000000,0,0,-255,0,-255,0,0,0,0,0,0,0,0
1341,0,78,0,0,0,0,0,0.00000000,0.00000000,0,0,-255,0,-255,0,0,0,0,0,0,0,0
1342,0,77,0,0,0,0,0,0.00000000,0.00000000,0,0,-255,0,-255,0,0,0,0,0,0,0,0
1343,0,77,0,0,0,0,0,0.00000000,0.00000000,0,0,-255,0,-255,0,0,0,0,0,0,0,0
1344,0,77,0,0,0,0,0,0.00000000,0.00000000,0,0,-255,0,-255,0,0,0,0,0,0,0,0
1345,0,77,0,0,0,0,0,0.00000000,0.00000000,0,0,-255,0,-255,0,0,0,0,0,0,0,0
1346,0,77,0,0,0,0,0,0.00000000,0.00000000,0,0,-255,0,-255,0,0,0,0,0,0,0,0
